1692521701.000000, 1692521701.000000, 1692521701.000000
32.000000, 32.000000, 32.000000
-42,-1,41
-45,-8,55
-39,-9,66
-44,-6,66
-50,-5,53
-45,-5,52
-32,-14,52
-26,-18,53
-25,-20,51
-31,-16,49
-33,-15,50
-36,-16,51
-37,-16,51
-35,-20,53
-31,-22,52
-30,-24,52
-25,-29,52
-25,-32,50
-33,-35,48
-33,-27,56
-32,-20,53
-31,-16,56
-30,-13,57
-24,-9,57
-28,-7,59
-29,-7,58
-26,-11,56
-24,-11,58
-18,-12,64
-11,-11,62
-3,-11,54
-16,-11,52
-16,-7,54
-25,1,52
-21,-15,58
-16,-7,63
-20,-6,63
-22,-12,63
-14,-9,67
-10,-7,65
-12,-6,62
-12,-6,60
-10,-7,59
-15,-5,59
-13,-7,64
-13,-6,63
-11,-8,62
-14,-6,60
-16,-6,61
-16,-7,61
-17,-7,62
-20,-6,58
-16,-8,58
-14,-6,58
-17,-2,59
-17,-3,61
-19,-6,61
-18,-8,60
-16,-9,60
-16,-9,61
-16,-8,61
-16,-6,65
-13,-7,67
-15,-8,66
-16,-7,66
-14,-6,66
-13,-6,65
-12,-6,64
-12,-7,63
-11,-6,61
-11,-6,61
-11,-6,61
-10,-7,62
-15,-5,62
-13,-11,63
-6,-3,63
-14,-7,59
-13,-8,61
-10,-6,61
-12,-7,61
-12,-6,62
-11,-6,62
-12,-6,62
-11,-5,62
-13,-5,62
-14,-8,61
-13,-7,63
-13,-7,63
-12,-7,63
-12,-6,63
-11,-6,64
-12,-6,62
-12,-7,62
-12,-5,62
-12,-5,63
-11,-6,63
-12,-5,63
-12,-5,63
-11,-5,63
-12,-5,63
-12,-6,63
-11,-6,62
-11,-6,62
-10,-6,62
-10,-6,62
-10,-6,62
-10,-7,63
-10,-7,63
-10,-6,63
-10,-6,63
-10,-6,63
-10,-6,63
-10,-6,63
-10,-5,62
-9,-5,63
-10,-5,63
-10,-5,62
-11,-5,63
-11,-5,63
-10,-5,63
-10,-6,63
-11,-5,62
-10,-5,63
-11,-5,63
-10,-4,63
-10,-4,63
-11,-4,63
-10,-4,64
-10,-5,63
-11,-5,63
-11,-5,63
-11,-5,63
-11,-5,63
-11,-5,63
-10,-5,62
-10,-5,62
-11,-5,63
-11,-5,64
-12,-6,63
-11,-6,63
-11,-5,61
-12,-5,62
-12,-5,62
-12,-5,63
-12,-5,63
-12,-5,63
-12,-5,63
-11,-5,63
-12,-5,63
-12,-5,63
-12,-5,63
-12,-5,64
-12,-5,64
-12,-5,63
-11,-5,63
-11,-5,62
-12,-5,62
-12,-4,63
-12,-5,63
-12,-5,62
-13,-5,61
-14,-5,61
-14,-5,61
-15,-5,61
-14,-4,61
-14,-4,62
-13,-3,62
-13,-4,63
-13,-4,65
-12,-5,64
-12,-5,64
-12,-5,63
-12,-5,63
-12,-6,62
-12,-6,62
-12,-5,62
-12,-5,61
-12,-5,61
-12,-6,62
-12,-6,63
-12,-5,63
-11,-5,63
-11,-5,63
-12,-5,63
-11,-5,62
-11,-5,61
-11,-6,61
-11,-6,61
-12,-7,60
-13,-8,59
-12,-8,60
-12,-7,60
-12,-7,61
-13,-7,62
-11,-6,63
-11,-6,64
-11,-6,63
-12,-7,64
-13,-9,65
-12,-9,63
-13,-9,63
-15,-9,62
-14,-9,63
-14,-9,62
-15,-10,61
-15,-9,61
-14,-9,60
-15,-9,60
-13,-10,60
-12,-11,59
-11,-12,60
-9,-13,59
-8,-15,59
-9,-17,61
-11,-17,62
-12,-17,62
-16,-13,63
-16,-11,65
-21,-7,67
-26,-4,68
-25,0,64
-20,8,59
-19,10,60
-20,10,66
-20,8,64
-19,8,61
-15,11,60
-15,10,61
-18,5,62
-14,-2,65
-15,-7,65
-16,-13,63
-13,-13,60
-4,-9,54
-1,-5,53
-4,-6,55
-9,-19,82
-12,-27,81
-22,-38,74
-21,-43,71
-14,-35,58
-9,-13,48
-11,-8,46
-4,-7,52
-3,-3,46
-2,0,49
-6,-2,57
-7,-2,60
-13,11,63
-15,-6,86
-15,-8,90
-31,-11,77
-34,-13,78
-16,-11,81
-7,-6,58
-6,-8,50
4,-9,42
-2,-11,38
6,-10,38
2,-4,43
1,-5,49
7,-6,59
10,-10,62
1,-2,67
-3,-13,92
-10,-18,101
0,-25,80
2,-18,65
7,-11,64
3,-16,64
2,-15,62
6,-7,66
8,-1,63
9,0,56
-4,-15,52
-1,-11,52
-20,-5,44
-9,-17,52
-13,-7,57
-8,-4,59
-12,-4,59
-14,-3,62
-19,-6,68
-21,-13,80
-21,-7,77
-27,-9,77
-30,-15,73
-25,-13,66
-25,0,51
-29,2,57
-27,1,60
-23,-6,57
-20,-6,52
-21,-4,49
-17,-4,51
-15,-5,52
-14,-9,53
-13,-9,52
-15,-8,52
-21,-14,59
-21,-16,62
-22,-21,66
-30,-31,75
-23,-37,70
-16,-34,46
-12,-33,40
-6,-35,34
-3,-34,32
-2,-28,27
1,-26,21
2,-30,20
-16,-44,15
-28,-50,17
-41,-69,30
-37,-75,32
-36,-75,30
-56,-78,29
-65,-82,30
-57,-92,37
-50,-99,45
-46,-99,47
-42,-72,37
-45,-60,26
-50,-57,21
-58,-74,24
-53,-86,26
-41,-89,29
-54,-87,24
-66,-79,13
-61,-74,20
-51,-64,22
-40,-51,17
-28,-45,16
-8,-25,6
-10,-17,-2
-7,-12,-4
-9,-1,-4
-14,4,-4
-23,-6,9
-20,-28,23
-32,-42,27
-53,-54,37
-47,-57,40
-36,-60,46
-44,-63,40
-45,-65,36
-47,-62,30
-52,-61,29
-45,-55,28
-37,-51,33
-24,-50,34
-23,-62,42
-36,-75,42
-37,-79,39
-40,-85,34
-44,-89,34
-43,-100,42
-39,-94,38
-33,-77,26
-38,-77,28
-40,-81,29
-43,-92,27
-46,-95,26
-44,-87,25
-39,-68,19
-31,-56,16
-19,-33,14
-17,-29,13
-15,-20,12
-17,-6,10
-19,1,8
-17,14,5
-16,16,7
-9,21,7
-21,1,15
-33,-18,13
-29,-47,27
-40,-69,37
-51,-87,22
-36,-83,21
-34,-80,27
-36,-73,29
-36,-72,26
-41,-70,20
-39,-64,24
-35,-64,27
-28,-62,30
-25,-62,31
-27,-64,34
-35,-73,35
-38,-81,36
-41,-100,40
-37,-107,44
-21,-87,35
-23,-70,24
-32,-73,22
-42,-91,21
-38,-95,25
-25,-83,25
-28,-78,17
-40,-81,12
-49,-78,8
-51,-71,6
-35,-50,7
-22,-29,4
-20,-18,0
-3,2,-4
5,14,-4
1,22,3
-9,22,11
-15,17,16
-45,-12,36
-47,-20,49
-39,-21,52
-32,-35,21
-21,-47,13
-7,-61,27
-17,-66,36
-39,-73,41
-39,-69,30
-38,-69,27
-42,-71,27
-46,-69,21
-42,-64,19
-34,-64,31
-32,-66,36
-33,-81,36
-37,-92,37
-41,-103,40
-33,-81,26
-35,-73,20
-48,-74,17
-52,-80,15
-44,-90,20
-38,-88,19
-41,-84,21
-43,-71,17
-43,-61,13
-50,-45,-5
-46,-37,-2
-31,-29,-1
-9,-11,-3
-4,-1,-3
-6,13,-3
-4,20,0
-6,22,-1
-22,10,5
-31,-3,11
-43,-33,26
-58,-56,30
-59,-63,28
-41,-65,33
-39,-58,31
-45,-45,23
-32,-45,22
-24,-49,26
-36,-62,22
-44,-66,18
-48,-69,14
-41,-69,21
-41,-72,24
-41,-79,32
-43,-86,31
-49,-102,30
-50,-93,29
-45,-82,22
-45,-71,12
-50,-73,10
-54,-81,12
-53,-85,11
-52,-86,13
-55,-88,17
-55,-83,12
-52,-60,-1
-37,-47,-2
-24,-38,-1
-5,-17,-1
-4,-10,-1
-8,6,-3
-19,17,-1
-20,20,0
-19,28,-3
-26,31,-3
-46,5,17
-29,-13,31
-26,-22,35
-38,-32,32
-43,-40,32
-31,-45,33
-45,-60,33
-54,-61,31
-47,-60,27
-42,-61,25
-42,-63,22
-44,-65,22
-40,-66,21
-36,-68,24
-33,-68,28
-35,-77,34
-40,-100,39
-40,-113,39
-29,-84,29
-24,-67,21
-20,-53,15
-33,-60,16
-41,-66,15
-37,-74,16
-33,-75,16
-33,-71,13
-44,-66,13
-49,-66,12
-39,-54,12
-36,-39,9
-30,-32,8
-25,-19,6
-23,-14,8
-29,-9,10
-40,-9,13
-40,0,13
-47,-1,21
-46,-11,28
-32,-20,29
-36,-28,29
-38,-36,28
-17,-39,29
-16,-41,30
-37,-45,30
-41,-45,26
-38,-45,26
-39,-52,27
-37,-54,28
-35,-51,25
-41,-54,27
-44,-57,28
-40,-69,29
-39,-75,28
-47,-101,35
-44,-102,40
-27,-72,25
-31,-67,19
-40,-71,22
-35,-75,23
-29,-71,21
-22,-62,19
-27,-60,19
-29,-59,18
-33,-54,15
-34,-53,16
-36,-52,15
-34,-44,13
-37,-39,12
-39,-32,13
-39,-28,14
-32,-22,20
-27,-20,27
-28,-22,32
-28,-24,35
-25,-27,33
-23,-36,28
-14,-36,29
-9,-36,32
-13,-38,31
-21,-40,27
-34,-47,25
-32,-55,27
-31,-59,28
-30,-66,31
-31,-67,33
-26,-63,31
-25,-64,31
-26,-66,33
-29,-78,35
-30,-88,36
-33,-106,41
-24,-67,30
-23,-57,26
-29,-56,25
-32,-63,25
-27,-78,24
-19,-81,24
-16,-76,24
-21,-64,21
-24,-60,19
-28,-52,14
-25,-45,13
-23,-41,12
-19,-32,11
-17,-26,11
-20,-21,10
-22,-28,15
-22,-31,15
-24,-48,21
-20,-52,29
-19,-61,36
-10,-82,33
-13,-88,31
-15,-78,28
-16,-68,28
-20,-57,27
-24,-52,22
-25,-51,20
-28,-50,19
-27,-50,19
-24,-51,22
-27,-54,24
-29,-57,26
-31,-61,31
-30,-69,34
-28,-87,35
-25,-104,36
-25,-96,35
-24,-73,26
-27,-65,19
-28,-71,17
-26,-77,16
-10,-75,17
-8,-63,16
-11,-59,15
-13,-54,11
-17,-49,9
-18,-45,7
-16,-39,6
-15,-36,6
-18,-31,6
-24,-38,10
-26,-43,12
-24,-53,15
-24,-62,15
-24,-74,23
-26,-68,32
-24,-69,32
-14,-83,26
-13,-78,25
-7,-59,26
-16,-50,25
-25,-48,20
-34,-45,16
-32,-46,18
-26,-49,22
-23,-53,25
-22,-55,25
-24,-59,27
-26,-64,29
-29,-84,33
-29,-102,38
-27,-101,39
-23,-84,28
-21,-80,21
-23,-82,17
-28,-81,18
-26,-76,16
-21,-65,13
-21,-63,12
-23,-61,11
-23,-58,11
-22,-54,10
-17,-44,8
-15,-37,7
-13,-26,4
-19,-22,3
-23,-24,5
-28,-29,10
-29,-33,11
-31,-39,15
-30,-47,24
-27,-51,27
-16,-73,36
-10,-91,40
-11,-94,35
-13,-69,31
-16,-61,28
-24,-58,25
-28,-55,23
-28,-54,23
-26,-47,24
-25,-47,24
-24,-50,24
-25,-52,24
-29,-62,29
-31,-87,36
-30,-100,37
-25,-97,41
-20,-83,34
-17,-70,22
-24,-71,22
-31,-74,20
-29,-80,18
-27,-80,17
-26,-76,17
-25,-69,14
-25,-63,12
-26,-50,9
-24,-44,8
-16,-30,6
-14,-19,4
-18,-18,5
-26,-21,8
-27,-22,11
-30,-28,14
-35,-40,17
-37,-47,24
-30,-47,32
-22,-50,33
-14,-77,29
-19,-91,31
-18,-84,33
-17,-67,27
-22,-62,23
-34,-57,18
-37,-55,18
-33,-54,19
-28,-53,20
-26,-53,22
-26,-57,25
-30,-66,31
-33,-78,35
-31,-106,39
-29,-109,40
-18,-76,30
-16,-62,21
-21,-64,21
-34,-74,18
-41,-80,16
-30,-81,16
-24,-77,17
-22,-75,17
-25,-66,14
-28,-61,13
-27,-49,8
-22,-35,4
-21,-29,3
-21,-18,4
-24,-17,4
-27,-16,7
-25,-14,7
-28,-18,7
-44,-32,21
-43,-33,27
-27,-46,31
-10,-79,26
-12,-87,25
-12,-87,36
-17,-82,36
-27,-65,24
-35,-59,20
-35,-59,21
-29,-54,23
-26,-52,24
-24,-50,23
-25,-53,25
-26,-57,26
-30,-74,30
-31,-86,32
-33,-108,41
-24,-77,33
-22,-65,24
-24,-64,21
-31,-70,22
-34,-79,21
-20,-74,20
-17,-72,20
-13,-67,20
-18,-65,19
-23,-61,14
-24,-54,9
-21,-50,8
-15,-37,6
-14,-31,4
-17,-22,4
-26,-22,7
-27,-23,10
-30,-34,12
-27,-40,17
-25,-50,28
-19,-76,36
-9,-99,38
-1,-102,33
-3,-89,34
-13,-62,29
-28,-53,20
-34,-51,17
-33,-48,15
-29,-47,16
-23,-45,20
-24,-48,22
-26,-52,23
-30,-60,25
-32,-70,28
-32,-96,33
-29,-103,37
-23,-89,36
-20,-64,22
-21,-61,20
-30,-70,19
-28,-75,19
-19,-71,19
-13,-64,20
-12,-61,20
-19,-58,17
-23,-53,11
-24,-50,10
-24,-46,9
-21,-39,8
-20,-37,7
-24,-34,8
-27,-36,10
-27,-38,15
-27,-47,15
-23,-49,18
-22,-51,27
-23,-52,29
-19,-70,32
-17,-81,29
-13,-81,24
-13,-65,26
-17,-60,24
-29,-56,20
-35,-55,18
-33,-50,19
-25,-48,22
-21,-47,23
-21,-51,24
-23,-57,25
-26,-65,28
-29,-85,32
-30,-99,33
-31,-103,35
-27,-83,31
-21,-59,18
-24,-60,16
-28,-69,22
-27,-79,19
-20,-70,12
-15,-65,12
-14,-52,11
-15,-47,10
-19,-40,6
-20,-38,3
-19,-37,3
-16,-37,4
-17,-38,5
-19,-43,8
-19,-50,12
-18,-58,14
-20,-74,18
-20,-76,25
-23,-73,35
-19,-81,34
-12,-96,34
-4,-77,31
-8,-65,29
-22,-51,23
-28,-46,20
-29,-39,15
-26,-35,14
-23,-33,16
-21,-34,17
-20,-36,17
-24,-46,19
-27,-59,22
-29,-72,26
-29,-106,35
-26,-118,39
-21,-94,39
-20,-74,21
-21,-76,23
-40,-85,23
-41,-78,11
-35,-73,11
-20,-66,14
-17,-63,14
-16,-57,12
-19,-48,6
-18,-44,5
-15,-38,6
-15,-35,5
-16,-32,5
-20,-32,5
-22,-35,6
-27,-38,11
-30,-42,12
-32,-57,17
-30,-61,24
-28,-59,29
-22,-82,32
-25,-96,34
-23,-87,31
-17,-70,29
-15,-53,26
-22,-52,24
-29,-52,23
-32,-48,20
-34,-45,17
-29,-42,20
-26,-49,22
-27,-54,24
-27,-67,26
-29,-84,30
-29,-89,32
-29,-98,38
-27,-94,41
-23,-73,27
-21,-64,20
-25,-67,19
-30,-76,19
-26,-74,20
-18,-67,20
-14,-60,18
-16,-57,15
-17,-53,11
-18,-49,10
-14,-43,8
-11,-36,6
-11,-34,5
-16,-35,4
-21,-40,7
-25,-51,15
-25,-57,16
-22,-76,21
-21,-66,30
-20,-55,31
-18,-67,27
-18,-75,26
-13,-75,22
-13,-63,25
-18,-59,24
-30,-55,18
-34,-52,16
-29,-48,18
-23,-47,23
-21,-50,25
-24,-58,26
-28,-67,28
-30,-73,31
-31,-94,34
-31,-104,35
-24,-95,36
-18,-76,22
-17,-72,19
-23,-67,17
-28,-64,14
-26,-61,15
-17,-55,10
-18,-55,9
-16,-58,10
-17,-57,10
-15,-52,8
-13,-46,6
-11,-45,5
-12,-47,6
-13,-52,7
-15,-63,11
-14,-64,14
-13,-73,15
-19,-71,20
-22,-59,23
-27,-47,23
-28,-55,25
-23,-65,27
0,-57,27
-1,-52,26
-20,-51,21
-33,-51,17
-34,-52,16
-29,-55,18
-25,-58,21
-20,-62,25
-17,-62,24
-20,-64,22
-26,-79,28
-30,-85,31
-31,-93,34
-28,-85,30
-30,-80,24
-31,-77,20
-30,-75,20
-25,-73,19
-9,-65,17
-9,-60,16
-11,-54,15
-13,-52,14
-14,-47,10
-13,-44,8
-12,-43,7
-11,-43,6
-11,-45,6
-14,-51,5
-15,-56,6
-21,-59,11
-23,-70,14
-25,-78,15
-22,-73,23
-21,-66,28
-18,-69,28
-17,-73,23
-16,-68,22
-14,-53,26
-24,-49,21
-26,-50,21
-31,-49,22
-31,-48,23
-26,-47,25
-23,-50,26
-25,-54,26
-29,-73,30
-32,-87,34
-29,-99,39
-26,-94,41
-23,-85,39
-21,-68,26
-20,-64,22
-25,-64,17
-15,-72,21
-22,-73,19
-17,-72,15
-14,-68,13
-10,-63,8
-7,-56,5
-8,-51,4
-9,-45,1
-8,-41,1
-10,-38,1
-17,-41,3
-20,-44,7
-23,-46,15
-21,-49,15
-17,-71,18
-21,-74,30
-23,-72,34
-22,-93,32
-22,-100,31
-16,-84,33
-15,-61,30
-22,-56,25
-28,-53,23
-29,-50,23
-26,-43,22
-20,-37,21
-18,-36,22
-22,-46,24
-24,-53,25
-24,-61,26
-24,-74,30
-28,-80,32
-41,-97,37
-44,-98,41
-31,-83,28
-21,-83,21
-21,-91,21
-15,-101,25
-7,-93,25
-3,-73,20
-6,-61,13
-9,-56,10
-16,-49,7
-18,-46,5
-14,-40,2
-6,-31,6
-7,-28,6
-12,-28,10
-16,-30,13
-21,-34,15
-20,-48,18
-20,-63,21
-20,-90,31
-20,-89,36
-19,-67,36
-26,-68,27
-27,-71,20
-13,-75,19
-13,-74,24
-19,-70,28
-27,-57,27
-28,-49,25
-27,-39,20
-28,-37,18
-22,-40,19
-25,-49,27
-30,-58,30
-44,-90,45
-42,-103,50
-26,-110,44
-13,-93,34
-15,-81,26
-27,-66,16
-31,-66,14
-29,-74,12
-18,-72,16
-11,-69,15
-12,-62,13
-13,-58,10
-14,-51,7
-15,-45,5
-13,-41,5
-12,-38,4
-13,-37,4
-19,-41,6
-24,-50,14
-23,-55,17
-19,-68,21
-17,-77,20
-19,-72,26
-23,-50,31
-25,-48,31
-30,-61,30
-27,-70,27
-14,-75,29
-12,-66,33
-16,-61,31
-25,-48,24
-30,-46,22
-31,-43,20
-26,-46,21
-24,-48,23
-21,-54,27
-24,-60,29
-30,-78,33
-36,-109,39
-33,-112,44
-19,-84,29
-14,-73,23
-19,-68,21
-29,-68,15
-26,-66,14
-22,-58,11
-19,-55,10
-12,-50,12
-12,-46,10
-12,-43,10
-12,-39,9
-12,-38,8
-12,-40,9
-13,-46,11
-16,-51,12
-22,-56,13
-24,-58,13
-31,-73,12
-34,-86,22
-34,-80,29
-25,-62,33
-17,-61,33
-8,-69,29
-12,-70,26
-20,-66,24
-28,-60,20
-30,-53,18
-30,-41,16
-25,-38,16
-24,-39,16
-24,-46,19
-26,-52,22
-27,-63,26
-29,-88,32
-29,-101,35
-31,-112,42
-27,-101,40
-20,-78,26
-21,-69,19
-22,-69,19
-20,-72,17
-14,-72,16
-17,-66,16
-15,-61,14
-13,-59,12
-14,-53,9
-13,-50,8
-12,-42,4
-12,-37,3
-13,-35,3
-19,-38,5
-22,-40,7
-23,-42,10
-25,-50,12
-28,-62,12
-26,-79,21
-25,-74,30
-21,-64,40
-23,-70,37
-24,-72,29
-18,-75,21
-18,-75,26
-26,-70,29
-27,-57,29
-27,-50,27
-23,-43,23
-22,-43,22
-23,-46,21
-20,-49,25
-22,-53,26
-29,-72,31
-31,-83,32
-34,-105,36
-25,-91,34
-21,-77,24
-20,-66,14
-24,-71,15
-25,-86,18
-13,-81,20
-12,-74,16
-7,-64,13
-9,-59,11
-13,-50,8
-14,-42,5
-13,-39,4
-12,-34,3
-11,-34,3
-14,-35,5
-19,-43,11
-20,-46,13
-21,-65,16
-21,-80,19
-21,-93,32
-20,-67,36
-16,-60,34
-15,-66,28
-16,-71,23
-16,-72,19
-23,-68,22
-23,-62,24
-26,-50,26
-26,-45,25
-23,-39,21
-24,-42,20
-24,-46,20
-26,-57,24
-28,-63,26
-33,-83,31
-30,-104,39
-28,-106,43
-18,-85,36
-15,-70,28
-16,-57,16
-28,-62,10
-36,-72,12
-17,-76,23
-16,-72,22
-13,-63,17
-19,-53,11
-20,-48,9
-21,-41,7
-20,-39,7
-18,-37,5
-16,-38,6
-17,-42,7
-20,-51,12
-20,-53,14
-21,-61,16
-22,-74,21
-23,-71,25
-24,-57,29
-23,-52,28
-18,-59,23
-9,-71,21
-9,-73,23
-21,-75,27
-29,-70,29
-36,-57,27
-36,-48,24
-34,-47,23
-24,-49,24
-21,-52,24
-19,-60,26
-24,-69,32
-32,-79,35
-40,-100,39
-38,-105,42
-21,-80,34
-13,-59,20
-16,-58,20
-29,-71,12
-16,-85,21
-14,-81,16
-9,-69,13
-9,-63,11
-10,-54,8
-13,-49,6
-16,-40,3
-15,-36,1
-14,-35,1
-12,-35,3
-15,-40,7
-17,-44,10
-19,-57,14
-22,-68,16
-24,-91,27
-26,-87,36
-27,-66,33
-7,-69,33
0,-77,34
-5,-72,29
-7,-69,33
-32,-60,25
-32,-50,27
-30,-44,24
-25,-38,20
-23,-39,19
-22,-45,20
-22,-53,20
-26,-61,22
-33,-89,31
-35,-110,35
-32,-111,36
-20,-70,22
-15,-59,18
-23,-55,15
-29,-60,15
-27,-68,16
-15,-63,19
-15,-60,18
-16,-54,15
-17,-50,13
-18,-44,9
-16,-39,6
-14,-38,5
-16,-43,7
-17,-45,8
-21,-59,14
-18,-66,16
-15,-77,15
-12,-105,16
-16,-96,23
-21,-53,29
-18,-42,25
-18,-47,21
-12,-60,17
-10,-65,21
-13,-72,31
-18,-64,29
-23,-58,26
-26,-51,22
-25,-49,22
-20,-48,22
-18,-51,24
-18,-53,25
-18,-56,28
-19,-59,29
-25,-73,33
-26,-82,36
-27,-86,38
-27,-82,36
-25,-74,29
-20,-72,20
-18,-89,25
-15,-91,25
-8,-73,20
-6,-65,17
-11,-55,12
-19,-49,8
-19,-46,7
-15,-41,7
-12,-39,7
-9,-34,8
-12,-34,9
-15,-37,11
-20,-45,13
-22,-50,15
-21,-77,20
-19,-96,29
-20,-88,35
-14,-63,37
-15,-62,31
-16,-66,18
-16,-70,18
-19,-71,22
-28,-65,23
-28,-59,24
-26,-47,23
-25,-42,19
-25,-42,19
-25,-47,19
-26,-51,20
-28,-59,24
-31,-80,31
-30,-91,35
-25,-103,38
-22,-94,36
-21,-69,24
-24,-60,17
-27,-63,15
-32,-74,15
-29,-74,17
-10,-68,16
-8,-63,16
-7,-61,16
-11,-55,12
-12,-52,10
-14,-46,6
-12,-44,6
-12,-45,6
-13,-48,7
-16,-55,8
-19,-62,14
-18,-75,14
-17,-77,17
-19,-61,27
-21,-56,29
-16,-72,29
-4,-72,25
0,-63,24
-10,-53,24
-20,-52,22
-32,-49,18
-29,-48,19
-27,-49,22
-26,-51,24
-25,-54,24
-26,-58,25
-28,-66,28
-29,-75,31
-27,-94,40
-26,-100,41
-20,-83,39
-18,-67,21
-19,-67,17
-27,-76,16
-32,-78,17
-34,-69,17
-21,-60,16
-19,-57,14
-16,-57,11
-15,-57,10
-12,-53,9
-9,-49,7
-9,-48,6
-11,-49,6
-12,-49,6
-14,-53,8
-16,-56,12
-17,-59,12
-20,-75,15
-23,-74,20
-23,-57,32
-21,-55,33
-17,-67,34
-7,-73,27
-3,-69,26
-10,-60,28
-33,-57,20
-35,-55,18
-35,-53,21
-28,-51,24
-25,-51,25
-22,-55,25
-22,-57,24
-24,-62,24
-26,-71,26
-31,-93,28
-31,-99,38
-27,-83,35
-24,-64,22
-24,-63,19
-29,-76,17
-23,-82,16
-15,-80,14
-3,-69,20
-3,-66,18
-10,-59,13
-15,-53,8
-16,-50,6
-14,-46,4
-11,-45,4
-10,-45,6
-13,-50,8
-14,-51,10
-17,-60,11
-18,-69,13
-23,-65,29
-16,-48,31
-11,-49,23
-19,-82,26
-18,-90,33
-17,-73,29
-21,-56,24
-28,-53,20
-35,-49,18
-32,-47,19
-24,-44,22
-19,-43,24
-19,-45,24
-26,-55,26
-30,-63,27
-33,-87,32
-28,-104,40
-26,-107,45
-21,-75,37
-22,-62,27
-22,-57,17
-30,-73,15
-26,-79,15
-7,-73,24
-5,-66,24
-5,-59,20
-14,-54,12
-16,-51,9
-16,-47,6
-13,-45,7
-9,-41,7
-11,-40,7
-18,-44,8
-26,-47,15
-19,-51,18
-16,-68,21
-12,-72,32
-12,-66,34
-17,-68,31
-19,-80,29
-16,-84,23
-11,-68,28
-13,-63,30
-27,-56,23
-30,-54,20
-33,-48,18
-24,-42,21
-20,-42,23
-20,-45,26
-24,-50,27
-31,-61,32
-29,-77,38
-26,-89,38
-22,-113,46
-17,-104,46
-12,-66,27
-17,-60,19
-24,-66,17
-30,-80,16
-25,-80,16
-11,-70,18
-5,-59,15
-7,-55,13
-12,-50,9
-14,-48,9
-11,-44,8
-10,-40,7
-10,-38,7
-13,-38,9
-15,-40,10
-19,-51,14
-20,-74,19
-21,-84,23
-19,-76,37
-17,-63,38
-18,-62,35
-16,-68,23
-10,-72,22
-13,-77,28
-21,-75,26
-27,-59,25
-26,-44,21
-25,-40,19
-26,-38,17
-25,-39,18
-27,-45,22
-32,-58,27
-34,-71,30
-33,-99,39
-28,-109,42
-11,-95,41
-6,-64,24
-9,-58,20
-25,-66,13
-34,-75,13
-29,-76,16
-14,-63,20
-6,-58,19
-7,-52,12
-10,-51,10
-17,-49,8
-14,-44,7
-11,-41,6
-11,-43,5
-14,-45,7
-18,-52,11
-18,-63,12
-19,-72,14
-22,-76,26
-24,-69,32
-24,-59,35
-22,-69,30
-19,-72,25
4,-65,28
9,-60,28
7,-60,39
-51,-48,11
-47,-46,11
-35,-41,21
-27,-38,24
-17,-41,25
-17,-53,24
-20,-62,24
-25,-75,26
-26,-83,29
-26,-90,30
-29,-94,35
-27,-83,33
-26,-59,19
-27,-53,14
-30,-58,9
-22,-71,13
-15,-72,14
-4,-63,22
-7,-55,18
-9,-53,15
-15,-50,10
-17,-48,9
-17,-47,8
-15,-47,8
-13,-49,7
-14,-61,10
-17,-65,14
-18,-78,16
-19,-87,16
-18,-71,25
-10,-51,27
-3,-57,23
-5,-73,17
-3,-70,18
-2,-57,22
-16,-55,25
-31,-55,19
-27,-54,20
-26,-53,22
-23,-51,23
-26,-53,20
-28,-55,21
-27,-62,26
-26,-65,28
-28,-74,33
-30,-92,36
-29,-101,39
-20,-88,38
-16,-76,30
-14,-67,21
-23,-75,13
-21,-80,19
-13,-79,20
-12,-74,19
-12,-64,15
-13,-57,10
-15,-53,7
-14,-46,5
-13,-42,5
-10,-36,3
-10,-35,4
-13,-37,5
-18,-50,9
-19,-57,11
-20,-80,12
-23,-82,29
-23,-73,34
-17,-71,30
-14,-81,30
-7,-80,28
-9,-60,28
-13,-56,27
-20,-52,26
-30,-50,20
-30,-45,21
-22,-40,24
-20,-39,24
-24,-44,22
-27,-51,21
-31,-70,25
-31,-90,37
-28,-95,39
-24,-101,37
-21,-95,37
-21,-70,26
-25,-58,15
-26,-60,14
-31,-75,14
-31,-79,16
-11,-73,20
-7,-63,18
-9,-60,14
-14,-55,8
-15,-52,7
-15,-47,6
-11,-44,6
-11,-44,7
-13,-47,6
-16,-52,8
-19,-65,13
-18,-76,14
-18,-76,17
-21,-61,28
-22,-54,29
-18,-68,29
-5,-72,28
2,-67,30
-2,-52,30
-13,-48,28
-29,-45,22
-26,-43,20
-23,-44,22
-22,-49,23
-24,-55,23
-27,-62,23
-27,-66,25
-29,-71,27
-29,-84,32
-29,-91,32
-27,-95,35
-26,-74,24
-26,-68,21
-31,-72,18
-30,-76,19
-25,-75,19
-9,-66,20
-11,-61,19
-14,-57,15
-15,-55,12
-14,-49,10
-11,-44,8
-10,-43,7
-10,-43,7
-12,-44,8
-17,-52,10
-19,-59,14
-21,-69,14
-21,-78,22
-20,-73,27
-15,-64,30
-12,-73,27
-12,-73,25
-13,-60,20
-14,-55,21
-23,-52,21
-27,-49,19
-28,-48,19
-26,-46,22
-25,-48,23
-25,-53,27
-27,-59,26
-28,-64,27
-32,-83,34
-30,-91,37
-28,-103,36
-23,-90,35
-21,-74,28
-21,-60,18
-23,-62,15
-28,-76,14
-15,-77,15
-16,-71,15
-9,-62,15
-11,-59,13
-14,-53,9
-16,-48,7
-14,-45,6
-11,-42,5
-10,-42,5
-11,-44,6
-14,-52,8
-16,-56,10
-19,-67,12
-20,-76,13
-25,-78,22
-29,-65,31
-28,-64,33
-16,-79,31
-5,-76,26
-3,-69,28
-13,-58,29
-22,-55,25
-30,-47,22
-31,-45,22
-26,-38,25
-22,-37,25
-21,-40,25
-22,-51,25
-23,-57,25
-26,-78,31
-23,-97,36
-24,-103,37
-23,-89,38
-22,-76,30
-21,-67,18
-26,-77,14
-25,-84,16
-14,-83,22
-10,-74,23
-6,-61,17
-12,-54,11
-16,-51,10
-16,-46,8
-12,-44,8
-7,-38,7
-8,-37,6
-11,-38,7
-18,-44,12
-18,-46,15
-19,-59,14
-20,-74,22
-22,-74,29
-26,-74,36
-21,-84,38
-10,-85,31
-1,-68,27
-2,-62,27
-23,-58,22
-35,-57,17
-36,-49,15
-28,-41,16
-24,-38,18
-22,-41,22
-26,-46,23
-30,-56,25
-29,-74,30
-26,-82,32
-21,-92,32
-21,-95,36
-24,-80,34
-27,-58,20
-27,-59,16
-30,-75,16
-28,-82,21
-8,-73,24
-5,-60,20
-6,-58,17
-14,-55,11
-17,-53,9
-15,-49,7
-12,-45,6
-11,-44,7
-12,-44,7
-14,-46,7
-18,-46,10
-21,-51,11
-23,-62,12
-26,-80,21
-26,-73,26
-25,-61,33
-15,-74,30
-12,-79,24
-3,-75,22
-3,-68,26
-18,-57,25
-33,-48,20
-37,-45,20
-32,-40,21
-27,-38,21
-19,-40,25
-18,-47,27
-21,-52,26
-28,-73,31
-27,-84,34
-26,-101,39
-23,-95,39
-22,-86,30
-21,-75,19
-21,-75,19
-26,-77,18
-19,-66,16
-18,-59,15
-11,-52,14
-12,-49,12
-13,-47,8
-13,-46,6
-11,-46,6
-6,-48,5
-5,-48,4
-8,-49,4
-16,-48,7
-19,-50,9
-23,-66,13
-26,-73,17
-29,-71,30
-27,-73,37
-21,-82,39
-5,-85,35
0,-74,34
0,-55,33
-21,-48,21
-25,-47,18
-30,-41,16
-30,-39,17
-25,-39,22
-24,-46,23
-24,-51,23
-26,-66,24
-29,-76,28
-34,-100,38
-30,-107,46
-21,-93,40
-11,-78,22
-10,-76,21
-22,-76,17
-15,-69,22
-23,-60,17
-16,-52,14
-14,-49,13
-14,-47,11
-14,-47,11
-14,-47,10
-15,-46,6
-13,-45,4
-11,-46,4
-15,-54,6
-17,-56,8
-18,-66,8
-19,-79,9
-23,-76,29
-25,-58,36
-19,-60,34
-8,-70,34
-2,-72,34
2,-59,31
-6,-53,30
-21,-52,25
-39,-45,15
-36,-46,17
-23,-45,24
-18,-47,22
-19,-50,20
-23,-58,19
-26,-62,20
-27,-72,26
-28,-88,31
-29,-100,34
-23,-97,40
-20,-67,26
-19,-59,21
-28,-63,14
-33,-68,11
-11,-73,17
9,-69,26
-3,-58,21
-13,-53,13
-17,-50,10
-19,-45,6
-17,-44,4
-12,-44,5
-10,-49,7
-10,-50,7
-14,-59,8
-17,-61,9
-19,-71,12
-23,-84,17
-22,-74,24
-24,-56,29
-20,-68,29
-13,-73,28
-7,-63,21
-6,-55,22
-10,-50,31
-50,-41,8
-33,-43,16
-24,-42,24
-21,-44,25
-21,-49,26
-22,-53,26
-25,-63,25
-30,-85,31
-28,-94,35
-25,-108,39
-22,-103,41
-18,-71,28
-20,-59,17
-23,-61,14
-30,-70,9
-19,-71,15
-15,-65,17
-12,-58,16
-11,-56,14
-13,-52,9
-15,-50,8
-14,-45,7
-12,-43,6
-12,-44,6
-14,-47,7
-15,-51,8
-17,-61,13
-18,-70,15
-18,-76,14
-21,-70,24
-23,-49,29
-22,-48,28
-18,-65,28
-14,-74,26
-6,-69,28
-8,-57,29
-22,-52,20
-29,-47,16
-32,-46,16
-30,-46,17
-26,-48,19
-23,-52,23
-25,-56,24
-27,-58,25
-30,-73,29
-31,-86,31
-31,-116,41
-19,-87,31
-17,-74,20
-14,-69,16
-18,-71,18
-25,-71,18
-19,-61,12
-19,-57,10
-13,-53,11
-14,-51,10
-14,-47,8
-13,-43,5
-11,-41,4
-8,-40,4
-11,-46,4
-13,-52,5
-18,-63,8
-18,-71,10
-19,-91,11
-20,-76,24
-25,-69,29
-20,-78,25
-15,-81,23
7,-67,25
1,-52,25
-1,-52,35
-44,-47,22
-51,-40,11
-26,-39,20
-20,-40,24
-18,-45,23
-24,-55,19
-26,-60,18
-26,-73,22
-25,-85,26
-22,-104,31
-25,-112,39
-24,-94,37
-22,-58,18
-21,-55,12
-28,-66,7
-19,-76,12
-18,-73,17
-13,-63,18
-11,-56,14
-10,-54,12
-14,-50,8
-14,-47,7
-12,-41,6
-9,-38,5
-10,-39,4
-14,-45,6
-16,-50,8
-19,-59,13
-21,-83,12
-25,-96,17
-28,-78,36
-26,-62,36
-14,-66,25
-1,-76,24
1,-73,24
1,-61,28
-8,-59,32
-46,-44,9
-41,-44,11
-31,-36,15
-20,-34,18
-19,-37,19
-25,-49,21
-27,-55,22
-29,-69,24
-28,-90,32
-25,-95,32
-23,-102,32
-21,-95,35
-24,-67,22
-29,-61,11
-32,-64,10
-32,-74,11
-11,-68,20
0,-63,22
-5,-57,17
-7,-57,12
-14,-54,9
-16,-50,7
-15,-49,6
-12,-48,8
-12,-48,8
-14,-52,8
-20,-59,13
-20,-64,14
-18,-76,14
-16,-73,18
-17,-63,24
-19,-74,24
-11,-79,29
-12,-68,28
-12,-58,26
-17,-46,22
-22,-45,20
-27,-44,16
-26,-43,18
-24,-43,19
-25,-46,22
-28,-52,25
-33,-65,31
-30,-76,31
-26,-83,35
-16,-94,34
-14,-99,39
-19,-87,39
-27,-66,28
-28,-60,24
-25,-66,20
-24,-78,18
-17,-78,20
-15,-70,20
-11,-65,18
-15,-59,13
-17,-54,9
-16,-52,8
-12,-48,7
-10,-47,7
-9,-44,6
-11,-43,6
-14,-44,8
-21,-47,9
-23,-54,10
-20,-69,23
-14,-63,41
-11,-61,38
-13,-90,35
-16,-95,32
-12,-76,24
-14,-60,26
-21,-56,24
-35,-54,16
-34,-50,16
-25,-43,21
-21,-39,23
-20,-39,23
-28,-50,22
-31,-58,23
-33,-81,29
-23,-99,39
-20,-104,39
-19,-99,41
-21,-82,34
-27,-59,20
-30,-58,13
-28,-61,12
-20,-67,15
-17,-67,17
-11,-61,18
-12,-57,14
-14,-56,12
-16,-53,10
-15,-51,9
-12,-48,9
-12,-48,9
-14,-48,9
-17,-53,12
-17,-55,14
-17,-56,18
-16,-63,21
-17,-63,25
-18,-56,33
-20,-57,34
-17,-71,39
-10,-72,31
-6,-65,28
-12,-54,25
-19,-53,22
-32,-51,17
-32,-48,16
-29,-44,19
-25,-43,21
-25,-47,22
-28,-59,25
-30,-81,32
-31,-92,35
-28,-104,38
-27,-100,37
-24,-75,29
-25,-59,19
-27,-59,16
-28,-67,13
-26,-70,14
-17,-65,18
-11,-59,17
-11,-57,15
-14,-55,12
-15,-54,11
-13,-51,9
-12,-46,6
-13,-46,5
-16,-49,6
-17,-52,6
-19,-55,12
-22,-62,15
-22,-67,17
-22,-62,27
-21,-57,30
-20,-64,31
-16,-81,34
-11,-78,31
-5,-59,27
-5,-54,27
-33,-52,18
-35,-48,18
-31,-46,22
-24,-43,22
-20,-43,22
-26,-50,22
-29,-58,24
-29,-62,24
-27,-76,26
-25,-84,27
-27,-103,34
-24,-85,33
-24,-70,25
-23,-60,16
-25,-67,15
-25,-80,20
-15,-68,21
-10,-62,20
-9,-54,16
-11,-53,14
-15,-50,11
-13,-46,9
-11,-44,9
-8,-41,8
-8,-40,8
-13,-45,9
-20,-51,14
-21,-55,16
-22,-74,18
-22,-80,22
-21,-71,30
-14,-68,31
-13,-75,31
-10,-76,25
-8,-69,22
-14,-57,20
-27,-52,16
-30,-50,15
-32,-45,14
-31,-42,16
-27,-39,21
-27,-45,23
-28,-52,23
-31,-70,24
-30,-83,25
-26,-97,27
-24,-97,35
-24,-85,34
-28,-64,21
-28,-61,17
-32,-71,14
-22,-81,16
-13,-79,16
1,-66,27
-2,-61,20
-8,-56,13
-16,-52,8
-17,-50,7
-15,-46,6
-13,-44,6
-11,-42,6
-13,-44,6
-16,-47,8
-20,-56,14
-22,-64,16
-23,-74,23
-17,-68,31
-14,-66,32
-15,-76,35
-14,-78,34
-9,-64,29
-16,-53,24
-21,-50,22
-27,-47,19
-26,-45,19
-24,-39,21
-22,-38,21
-23,-40,20
-29,-51,21
-31,-58,23
-33,-76,30
-30,-92,33
-29,-99,34
-23,-94,34
-22,-81,30
-24,-58,21
-25,-59,15
-27,-64,14
-19,-72,18
-13,-70,20
-10,-57,21
-11,-49,15
-13,-48,12
-17,-45,8
-16,-44,8
-12,-42,8
-10,-43,8
-12,-47,9
-18,-59,14
-19,-65,16
-20,-85,16
-21,-86,28
-21,-69,33
-21,-48,29
-22,-56,28
-15,-70,24
-5,-63,23
-6,-56,24
-19,-48,20
-26,-44,17
-31,-39,15
-28,-38,17
-27,-39,18
-25,-47,19
-25,-53,20
-28,-66,23
-29,-83,29
-28,-92,30
-28,-106,34
-25,-101,36
-22,-73,24
-25,-63,18
-29,-66,19
-36,-72,10
-7,-71,17
-7,-62,22
-5,-57,20
-10,-54,18
-17,-49,9
-17,-46,7
-14,-42,5
-12,-42,5
-13,-43,5
-15,-49,5
-18,-55,7
-19,-64,13
-21,-74,15
-23,-79,20
-27,-71,40
-20,-63,43
-17,-64,33
-2,-70,31
5,-69,33
-2,-54,29
-8,-49,27
-22,-42,21
-31,-38,18
-31,-37,18
-25,-34,21
-22,-35,22
-21,-43,20
-24,-56,21
-26,-65,22
-28,-86,29
-26,-91,31
-25,-102,34
-24,-85,35
-25,-68,28
-25,-50,18
-28,-54,17
-30,-69,19
-15,-71,22
-7,-66,23
-7,-57,20
-9,-54,17
-17,-50,11
-18,-47,8
-16,-46,7
-13,-44,7
-16,-46,4
-15,-51,7
-17,-61,18
-17,-64,21
-17,-81,19
-19,-87,22
-19,-64,36
-18,-50,31
-17,-59,28
-14,-74,22
-11,-71,22
-10,-55,23
-16,-47,19
-20,-45,15
-27,-41,14
-28,-40,15
-25,-41,19
-25,-46,20
-26,-50,22
-28,-58,26
-30,-64,27
-31,-83,29
-31,-104,37
-25,-106,45
-14,-78,34
-16,-68,26
-18,-66,21
-30,-76,14
-21,-77,19
-6,-68,23
-9,-62,23
-9,-54,17
-15,-49,9
-16,-47,6
-16,-44,4
-13,-43,5
-9,-41,6
-10,-43,7
-13,-47,8
-18,-53,14
-20,-56,15
-23,-72,18
-24,-72,26
-22,-64,27
-10,-66,33
-10,-78,37
-13,-83,31
-15,-62,28
-19,-56,26
-29,-50,20
-31,-49,19
-31,-45,19
-26,-43,21
-24,-42,22
-25,-49,22
-27,-55,23
-30,-68,26
-28,-87,32
-24,-90,32
-22,-98,35
-24,-91,34
-27,-68,23
-27,-57,16
-27,-60,16
-32,-73,16
-25,-77,16
-20,-70,15
-17,-62,15
-19,-58,13
-19,-51,9
-18,-48,9
-15,-43,9
-9,-37,10
-8,-35,10
-12,-38,9
-15,-42,12
-17,-54,16
-17,-76,20
-17,-83,26
-16,-78,36
-16,-76,37
-13,-78,32
-10,-68,24
-7,-62,24
-13,-56,25
-19,-54,23
-31,-49,16
-31,-44,17
-30,-43,18
-26,-45,22
-26,-49,23
-28,-59,29
-26,-66,28
-26,-74,30
-27,-92,34
-29,-100,38
-26,-86,36
-25,-69,24
-27,-70,23
-30,-82,23
-27,-84,20
-10,-74,22
-6,-60,21
-6,-57,20
-13,-51,12
-15,-50,9
-16,-46,6
-12,-45,6
-11,-44,6
-11,-43,6
-14,-46,6
-18,-53,11
-18,-63,12
-19,-72,12
-20,-72,24
-20,-65,27
-21,-58,26
-23,-79,30
-18,-79,29
-7,-62,25
-9,-57,26
-23,-54,24
-36,-52,18
-33,-51,20
-27,-48,24
-23,-47,26
-24,-49,25
-30,-60,26
-33,-70,29
-32,-90,35
-27,-94,35
-23,-101,38
-23,-84,33
-26,-70,26
-27,-55,17
-28,-58,14
-29,-72,15
-12,-77,21
-9,-73,21
-4,-62,16
-8,-57,13
-14,-50,7
-18,-45,4
-17,-43,4
-14,-42,4
-12,-42,4
-14,-46,7
-17,-54,11
-18,-56,14
-22,-75,16
-25,-83,22
-21,-71,35
-14,-61,31
-14,-68,33
-12,-72,32
-8,-68,28
-12,-57,26
-21,-52,24
-26,-50,24
-30,-43,22
-27,-38,23
-26,-37,23
-25,-42,23
-25,-48,24
-26,-63,25
-27,-73,28
-25,-89,32
-25,-102,35
-24,-102,37
-25,-76,29
-26,-63,22
-26,-58,15
-28,-73,15
-24,-76,18
-12,-68,22
-8,-61,21
-8,-52,15
-14,-48,10
-16,-46,8
-15,-45,6
-13,-44,6
-11,-45,8
-13,-46,11
-16,-50,12
-18,-59,15
-19,-67,16
-22,-91,22
-20,-71,39
-18,-57,35
-17,-66,28
-15,-70,27
-6,-66,20
-8,-56,20
-13,-55,20
-22,-53,17
-27,-52,16
-34,-48,18
-29,-46,20
-28,-48,21
-23,-53,23
-24,-57,22
-26,-66,25
-29,-89,32
-28,-99,35
-23,-102,42
-22,-87,39
-24,-63,25
-28,-63,16
-28,-69,14
-23,-78,16
-12,-77,19
-8,-62,22
-11,-54,15
-13,-52,12
-17,-49,7
-15,-47,6
-10,-46,6
-8,-44,7
-9,-45,7
-15,-51,8
-18,-55,10
-22,-66,14
-24,-74,20
-22,-67,26
-19,-59,32
-16,-67,32
-10,-81,31
-5,-66,25
-5,-58,25
-20,-52,21
-28,-52,19
-36,-48,16
-29,-44,20
-26,-42,22
-24,-43,23
-26,-48,23
-29,-61,25
-33,-84,25
-33,-93,27
-30,-106,30
-30,-102,34
-30,-75,28
-30,-62,18
-30,-63,15
-29,-70,14
-30,-73,13
-18,-68,14
-15,-62,14
-12,-61,14
-13,-59,11
-14,-58,9
-15,-54,7
-12,-48,6
-11,-46,6
-10,-44,7
-11,-44,8
-14,-52,11
-18,-62,15
-19,-68,16
-20,-70,22
-21,-69,26
-14,-76,31
-10,-79,31
-11,-72,31
-15,-56,27
-20,-52,23
-32,-47,16
-34,-42,15
-28,-41,18
-21,-46,21
-21,-50,22
-24,-60,23
-26,-69,23
-28,-76,27
-33,-93,37
-33,-99,39
-28,-99,39
-19,-71,29
-20,-63,22
-23,-63,13
-27,-69,9
-16,-76,14
-8,-66,23
-12,-60,19
-14,-57,13
-16,-56,10
-17,-54,8
-12,-51,7
-9,-49,7
-7,-47,7
-9,-47,6
-15,-55,7
-21,-62,11
-23,-70,13
-22,-78,18
-21,-67,24
-19,-48,26
-19,-61,23
-20,-71,23
-13,-75,22
-12,-68,22
-20,-59,26
-32,-56,21
-36,-53,17
-28,-50,21
-26,-49,21
-26,-50,21
-31,-55,20
-32,-60,23
-30,-70,31
-27,-79,34
-25,-108,36
-16,-95,38
-17,-76,30
-20,-60,18
-23,-62,15
-31,-74,10
-19,-76,19
-16,-72,21
-9,-60,19
-11,-54,12
-14,-52,10
-16,-48,6
-14,-47,6
-9,-45,6
-9,-45,6
-11,-48,7
-16,-51,12
-18,-51,15
-21,-62,16
-21,-65,17
-20,-58,23
-18,-60,25
-19,-73,27
-17,-89,34
-13,-80,30
-8,-57,23
-23,-53,15
-33,-51,12
-34,-52,15
-34,-50,15
-29,-48,18
-28,-52,20
-30,-57,21
-34,-76,25
-35,-89,28
-30,-99,30
-23,-89,30
-21,-80,28
-27,-64,18
-30,-61,14
-33,-65,9
-26,-71,15
-23,-69,17
-7,-64,19
-9,-63,17
-12,-63,13
-14,-59,10
-14,-56,8
-11,-50,6
-11,-48,6
-10,-48,6
-16,-52,6
-18,-53,8
-19,-52,15
-20,-57,16
-18,-74,17
-15,-66,24
-14,-61,26
-12,-70,26
-18,-79,26
-18,-70,22
-15,-51,22
-15,-48,22
-22,-47,20
-26,-47,20
-30,-46,23
-26,-44,24
-26,-47,26
-26,-58,29
-25,-64,29
-26,-79,33
-24,-91,34
-25,-95,32
-27,-90,35
-27,-79,30
-27,-64,18
-27,-66,13
-26,-72,14
-20,-76,18
-16,-72,18
-11,-62,16
-13,-58,12
-16,-58,10
-16,-55,9
-14,-52,9
-11,-46,9
-11,-43,7
-12,-45,7
-16,-50,10
-17,-51,12
-17,-53,16
-19,-68,18
-19,-71,22
-18,-64,26
-18,-65,26
-21,-83,28
-18,-79,26
-15,-66,23
-17,-56,20
-24,-56,19
-33,-56,18
-32,-51,19
-30,-48,19
-26,-47,22
-27,-50,22
-31,-62,23
-34,-74,27
-34,-78,30
-31,-88,31
-30,-97,33
-25,-90,34
-23,-68,21
-22,-64,17
-23,-70,14
-23,-74,15
-19,-74,17
-14,-65,18
-12,-60,16
-12,-53,11
-14,-50,10
-13,-46,9
-10,-42,8
-10,-40,7
-9,-39,6
-11,-41,7
-16,-48,11
-19,-56,15
-20,-65,15
-22,-78,24
-22,-77,31
-22,-73,37
-22,-83,36
-18,-82,33
-2,-70,31
-2,-61,29
-16,-55,23
-30,-52,17
-34,-49,16
-32,-40,17
-28,-37,19
-23,-36,21
-27,-47,22
-28,-54,22
-30,-68,26
-29,-78,29
-25,-90,30
-24,-94,34
-22,-83,32
-22,-62,20
-22,-60,17
-28,-71,14
-25,-80,18
-14,-77,22
-9,-61,22
-7,-56,19
-12,-50,13
-16,-47,9
-16,-46,8
-12,-45,8
-11,-45,8
-11,-49,9
-16,-54,12
-18,-57,14
-19,-66,15
-18,-73,15
-21,-70,23
-25,-56,28
-23,-55,27
-17,-74,25
-6,-76,24
-5,-67,25
-13,-54,24
-20,-51,21
-29,-48,17
-30,-47,16
-29,-46,17
-24,-48,21
-24,-51,23
-28,-57,25
-30,-61,28
-31,-78,33
-30,-107,34
-28,-113,37
-16,-82,30
-16,-71,23
-17,-70,16
-24,-79,15
-25,-78,15
-21,-66,15
-17,-61,15
-14,-55,12
-13,-51,10
-14,-49,9
-11,-45,7
-10,-43,6
-8,-41,5
-11,-42,4
-13,-46,4
-18,-53,9
-19,-53,13
-22,-68,15
-26,-74,24
-28,-72,29
-28,-74,37
-24,-81,39
-8,-80,35
9,-59,34
6,-56,36
-18,-50,25
-26,-50,24
-36,-44,25
-30,-36,30
-27,-36,29
-26,-45,27
-24,-52,28
-23,-67,29
-23,-88,35
-21,-94,33
-23,-101,34
-21,-94,37
-21,-71,24
-25,-61,15
-27,-65,12
-24,-75,14
-19,-75,18
-10,-62,21
-6,-52,15
-8,-49,12
-14,-46,9
-16,-45,8
-13,-43,8
-10,-42,8
-10,-42,8
-15,-48,11
-17,-52,15
-18,-57,18
-19,-75,19
-19,-79,25
-21,-70,34
-21,-65,34
-19,-74,36
-13,-75,28
-7,-68,25
-9,-57,23
-15,-54,20
-30,-51,15
-36,-45,15
-34,-43,16
-26,-44,21
-26,-47,23
-27,-56,25
-29,-68,28
-29,-76,31
-24,-95,34
-24,-103,36
-21,-84,35
-22,-60,21
-23,-58,17
-27,-65,16
-27,-70,16
-18,-69,18
-10,-60,19
-9,-56,18
-12,-50,13
-15,-48,11
-16,-45,9
-12,-45,8
-11,-47,9
-12,-51,10
-14,-56,12
-16,-60,16
-15,-67,15
-17,-73,15
-21,-67,24
-21,-60,28
-20,-59,28
-17,-76,31
-13,-77,28
-6,-61,26
-8,-53,26
-20,-47,20
-32,-44,16
-31,-42,16
-27,-40,19
-25,-42,20
-24,-51,24
-25,-63,27
-26,-69,29
-25,-86,37
-22,-90,37
-21,-101,39
-21,-82,35
-21,-71,28
-22,-61,20
-27,-63,12
-18,-75,19
-18,-68,19
-13,-64,19
-11,-57,15
-11,-54,12
-14,-50,8
-14,-46,7
-12,-45,6
-11,-45,5
-11,-47,5
-15,-53,8
-15,-55,14
-15,-58,13
-18,-71,13
-22,-71,20
-24,-58,30
-25,-62,32
-22,-70,34
-10,-73,31
-3,-67,29
-5,-56,29
-31,-52,18
-31,-52,18
-33,-48,19
-30,-47,21
-22,-47,25
-22,-51,24
-24,-55,24
-28,-65,28
-28,-74,30
-25,-93,33
-25,-101,44
-22,-89,42
-23,-62,25
-23,-61,17
-25,-68,16
-15,-83,20
-13,-81,20
-7,-68,22
-8,-62,19
-10,-54,10
-16,-47,6
-15,-45,5
-12,-41,5
-11,-42,5
-11,-45,6
-14,-51,9
-15,-51,10
-16,-57,11
-17,-65,12
-21,-72,19
-24,-61,24
-25,-58,25
-26,-71,36
-25,-75,33
-11,-74,26
-13,-71,26
-19,-67,26
-31,-57,20
-34,-51,18
-32,-44,19
-23,-44,21
-21,-43,21
-25,-49,24
-30,-58,27
-36,-86,35
-30,-112,39
-23,-112,42
-12,-82,31
-13,-71,23
-20,-67,15
-33,-77,12
-20,-77,18
-19,-69,15
-15,-66,13
-14,-60,11
-14,-55,7
-14,-52,6
-10,-47,5
-8,-45,5
-7,-44,4
-11,-46,5
-15,-49,7
-18,-53,13
-18,-57,14
-18,-71,14
-17,-70,22
-20,-63,24
-23,-54,22
-26,-64,25
-30,-77,27
-11,-75,32
-1,-74,36
-37,-61,16
-25,-60,23
-28,-50,23
-22,-47,21
-21,-48,22
-24,-50,23
-26,-52,24
-31,-63,29
-34,-88,34
-34,-102,37
-22,-101,41
-15,-81,32
-13,-63,19
-20,-69,18
-25,-75,18
-25,-74,14
-21,-71,15
-13,-63,16
-10,-57,15
-10,-54,12
-13,-49,7
-13,-46,6
-12,-43,5
-11,-44,7
-12,-46,8
-16,-50,12
-16,-53,13
-18,-68,15
-16,-80,19
-16,-75,24
-20,-53,31
-21,-47,31
-26,-58,27
-15,-74,18
-13,-78,20
-15,-74,32
-20,-67,34
-26,-54,33
-30,-46,27
-30,-44,25
-23,-44,26
-20,-45,26
-20,-50,24
-26,-63,29
-26,-73,33
-24,-89,35
-24,-96,36
-24,-85,37
-25,-63,20
-25,-61,14
-27,-78,15
-22,-87,19
-8,-85,21
-4,-71,18
-6,-65,16
-14,-57,10
-17,-53,8
-16,-45,5
-10,-37,4
-7,-33,4
-8,-29,4
-12,-30,5
-21,-39,12
-24,-54,18
-22,-74,17
-8,-109,25
-10,-103,35
-13,-69,37
-27,-67,26
-31,-67,21
-15,-77,19
-17,-80,21
-24,-73,26
-22,-52,26
-22,-44,26
-25,-38,21
-25,-37,18
-26,-38,17
-29,-42,19
-32,-50,22
-41,-81,33
-40,-94,38
-28,-113,40
-4,-92,35
-1,-75,27
-9,-62,14
-18,-63,11
-33,-72,11
-28,-68,19
-22,-62,20
-11,-50,15
-9,-47,11
-12,-45,7
-14,-45,6
-13,-44,6
-11,-42,7
-10,-42,7
-15,-47,8
-21,-63,14
-21,-68,18
-19,-80,19
-18,-74,30
-17,-64,32
-23,-59,27
-25,-67,28
-15,-70,26
-4,-65,27
4,-63,43
-43,-51,9
-48,-50,7
-25,-47,18
-23,-45,17
-16,-49,18
-22,-60,20
-24,-64,22
-24,-69,24
-26,-81,29
-31,-87,31
-31,-89,37
-28,-79,34
-25,-74,21
-25,-77,19
-24,-82,23
-21,-70,20
-23,-64,12
-4,-59,13
2,-56,19
-12,-56,14
-18,-56,10
-18,-55,10
-12,-52,8
-10,-52,8
-8,-53,6
-11,-55,6
-14,-54,8
-21,-55,11
-26,-63,12
-29,-65,23
-23,-45,29
-18,-37,26
-13,-51,22
-15,-64,19
-13,-80,21
-10,-68,27
-13,-61,28
-25,-52,25
-31,-50,24
-32,-49,20
-28,-52,20
-25,-53,21
-24,-59,23
-28,-66,25
-32,-85,35
-29,-106,42
-26,-109,45
-18,-75,33
-19,-55,19
-24,-54,16
-30,-60,13
-31,-62,12
-17,-56,17
-13,-52,17
-13,-53,13
-17,-56,8
-19,-59,6
-15,-60,8
-12,-57,9
-10,-54,8
-14,-59,8
-18,-65,11
-17,-72,20
-14,-75,20
-14,-74,22
-11,-50,27
-12,-42,28
-16,-48,29
-20,-58,31
-17,-58,29
-11,-47,24
-12,-45,23
-22,-48,21
-29,-50,20
-33,-56,20
-30,-61,25
-28,-63,26
-24,-63,28
-23,-66,29
-27,-79,35
-26,-90,33
-25,-97,35
-22,-86,39
-23,-62,26
-26,-56,20
-29,-63,15
-29,-72,15
-16,-77,22
-10,-69,20
-10,-66,18
-13,-64,12
-16,-62,10
-17,-58,8
-14,-52,7
-13,-49,8
-12,-45,7
-12,-45,7
-13,-47,9
-14,-48,10
-16,-49,14
-19,-64,16
-19,-71,17
-18,-63,25
-20,-56,26
-22,-55,28
-26,-74,24
-22,-80,20
-14,-80,25
-15,-75,28
-20,-62,29
-30,-52,28
-32,-47,25
-31,-45,23
-28,-46,24
-25,-50,26
-26,-60,29
-29,-68,30
-28,-87,33
-25,-88,33
-26,-88,36
-30,-71,26
-29,-61,20
-27,-63,15
-27,-84,19
-15,-94,23
-1,-88,26
0,-78,20
-3,-66,13
-10,-58,8
-15,-55,6
-21,-48,4
-21,-46,4
-15,-39,6
-10,-33,7
-10,-33,7
-12,-33,10
-14,-34,12
-17,-45,13
-19,-74,14
-21,-86,20
-30,-88,35
-28,-80,36
-29,-78,31
-29,-78,28
-7,-79,23
-13,-72,26
-18,-68,27
-26,-54,27
-28,-47,25
-30,-39,21
-25,-38,20
-24,-40,22
-25,-48,24
-30,-64,28
-33,-80,33
-31,-115,39
-28,-120,40
-15,-75,26
-12,-57,15
-11,-59,16
-28,-70,16
-32,-72,13
-26,-70,10
-13,-61,14
-8,-56,15
-7,-47,12
-10,-44,9
-15,-39,5
-17,-40,4
-16,-42,4
-14,-48,8
-15,-52,10
-14,-58,16
-16,-77,18
-16,-88,19
-17,-82,25
-19,-68,30
-16,-47,32
-20,-55,28
-19,-61,23
-16,-71,20
-15,-69,23
-26,-59,27
-29,-54,27
-31,-46,23
-31,-47,21
-27,-50,22
-19,-54,24
-17,-56,25
-23,-61,26
-30,-80,29
-32,-93,31
-30,-106,41
-24,-84,36
-19,-56,17
-22,-65,15
-28,-72,17
-24,-80,18
-14,-72,18
-9,-68,18
-8,-62,16
-10,-58,14
-14,-51,9
-15,-45,6
-14,-42,6
-12,-41,6
-11,-42,7
-13,-46,10
-16,-51,16
-18,-55,17
-19,-72,17
-18,-75,22
-19,-64,26
-19,-70,27
-19,-76,32
-9,-72,27
-10,-64,23
-19,-58,21
-32,-54,19
-34,-51,19
-28,-45,22
-25,-43,25
-22,-43,27
-25,-46,26
-28,-58,25
-31,-75,26
-31,-85,30
-29,-97,29
-29,-100,30
-25,-82,28
-29,-61,18
-30,-58,15
-30,-64,13
-20,-73,18
-11,-72,19
-7,-66,16
-8,-64,14
-14,-61,11
-17,-55,8
-17,-52,6
-15,-48,5
-14,-48,5
-13,-50,7
-14,-55,10
-14,-57,12
-14,-57,14
-15,-63,14
-20,-65,19
-21,-52,24
-21,-50,24
-21,-68,27
-20,-75,27
-11,-68,24
-8,-56,21
-11,-54,23
-29,-53,18
-31,-53,19
-30,-51,19
-28,-53,21
-29,-56,22
-30,-59,24
-31,-61,25
-34,-78,28
-34,-87,29
-34,-104,34
-26,-83,25
-25,-78,18
-25,-84,16
-27,-89,18
-26,-82,19
-14,-66,17
-12,-60,15
-10,-54,12
-13,-50,10
-13,-48,9
-12,-46,6
-11,-46,6
-9,-46,5
-10,-49,4
-13,-52,5
-17,-53,12
-19,-57,13
-21,-69,15
-22,-62,23
-22,-56,24
-22,-60,20
-25,-75,21
-19,-86,27
-9,-67,26
-11,-61,26
-27,-59,22
-34,-58,21
-37,-55,22
-32,-51,23
-30,-52,26
-30,-55,29
-32,-59,30
-33,-70,31
-30,-86,33
-28,-97,34
-20,-108,42
-15,-90,37
-15,-68,21
-15,-70,15
-20,-76,13
-18,-80,14
-19,-74,14
-15,-65,14
-14,-58,11
-15,-55,9
-17,-48,9
-16,-45,9
-12,-40,9
-9,-36,7
-8,-35,7
-13,-40,9
-16,-44,12
-18,-50,19
-17,-68,16
-16,-76,19
-19,-80,26
-23,-81,27
-31,-91,32
-27,-84,32
-16,-73,39
-23,-60,25
-24,-55,16
-32,-55,13
-24,-52,20
-24,-47,23
-22,-40,25
-24,-39,22
-30,-45,18
-36,-63,24
-37,-75,29
-31,-96,34
-28,-103,35
-19,-89,34
-17,-65,20
-18,-61,17
-27,-66,16
-32,-71,13
-19,-75,15
-11,-69,19
-7,-65,18
-8,-57,13
-10,-54,11
-16,-48,6
-17,-44,4
-16,-43,4
-13,-44,5
-14,-47,6
-16,-57,12
-16,-60,16
-15,-65,14
-18,-77,16
-18,-69,22
-20,-57,24
-23,-70,26
-24,-79,30
-15,-72,26
-11,-62,24
-10,-53,27
-28,-48,18
-27,-47,19
-28,-44,19
-26,-44,19
-23,-48,22
-25,-55,23
-26,-59,25
-27,-76,26
-28,-88,26
-31,-102,30
-29,-84,29
-29,-72,22
-30,-67,15
-31,-73,16
-28,-81,19
-13,-73,16
-9,-69,16
-5,-61,17
-8,-58,14
-13,-53,10
-17,-49,5
-16,-47,4
-12,-44,4
-11,-44,5
-12,-47,7
-14,-53,9
-15,-55,10
-19,-72,11
-21,-79,14
-24,-71,27
-21,-59,29
-18,-65,27
-13,-71,25
-9,-68,23
-10,-58,26
-20,-55,30
-37,-49,22
-29,-44,27
-27,-42,28
-23,-41,27
-24,-49,27
-26,-58,27
-27,-71,29
-26,-77,30
-25,-88,34
-26,-97,32
-24,-96,34
-25,-72,28
-25,-62,22
-27,-55,14
-26,-67,9
-24,-74,11
-16,-75,20
-13,-67,22
-8,-57,17
-12,-52,9
-15,-50,8
-17,-46,9
-14,-45,9
-10,-43,9
-10,-44,8
-10,-46,8
-14,-52,10
-16,-52,13
-22,-64,15
-26,-69,21
-27,-66,25
-32,-69,28
-31,-83,30
-23,-87,23
2,-65,26
-9,-59,22
-20,-57,17
-31,-58,14
-42,-53,15
-32,-42,18
-28,-39,19
-23,-47,24
-26,-55,27
-25,-73,32
-22,-83,32
-21,-84,32
-19,-94,36
-19,-90,37
-20,-77,26
-22,-76,18
-23,-76,18
-31,-71,14
-28,-65,9
-13,-57,12
-4,-57,17
-15,-56,10
-15,-58,10
-15,-56,8
-10,-53,7
-8,-49,5
-7,-46,3
-11,-48,1
-18,-53,2
-23,-50,11
-20,-54,14
-22,-61,14
-17,-65,25
-15,-63,27
-9,-61,29
-22,-77,27
-26,-79,23
-20,-72,26
-2,-71,44
-52,-58,10
-28,-57,26
-30,-53,27
-23,-49,23
-23,-48,22
-25,-51,23
-29,-56,24
-30,-61,25
-31,-83,32
-30,-96,34
-24,-107,38
-19,-75,25
-20,-66,18
-21,-66,15
-26,-70,16
-26,-78,8
-8,-70,15
1,-68,20
-10,-61,14
-16,-60,12
-14,-57,11
-12,-51,8
-10,-48,7
-9,-44,6
-8,-44,6
-12,-48,8
-16,-49,12
-18,-51,12
-21,-68,13
-22,-70,17
-23,-60,23
-25,-61,25
-25,-73,27
-18,-76,22
-10,-70,22
11,-62,32
-32,-60,14
-32,-63,19
-44,-54,17
-40,-50,17
-30,-50,23
-24,-53,26
-22,-56,26
-26,-70,25
-29,-78,28
-39,-90,33
-46,-90,39
-40,-81,34
-30,-75,23
-25,-75,22
-17,-82,22
-11,-85,19
-7,-82,19
-10,-75,17
-10,-72,16
-15,-65,12
-16,-57,6
-16,-52,4
-12,-43,3
-9,-41,3
-10,-39,4
-13,-41,10
-14,-39,13
-17,-45,14
-18,-53,15
-15,-57,25
-13,-57,28
-11,-65,25
-18,-93,22
-23,-99,23
-26,-77,21
-36,-62,16
-41,-59,14
-37,-58,15
-31,-58,17
-31,-57,19
-34,-61,24
-37,-63,24
-44,-70,31
-43,-77,36
-33,-85,36
-22,-91,36
-14,-90,36
-15,-83,28
-20,-80,22
-29,-81,14
-38,-82,7
-20,-78,16
-15,-64,18
-15,-59,14
-16,-56,7
-23,-58,2
-26,-59,1
-11,-57,4
-4,-53,6
6,-47,6
2,-45,6
-3,-46,8
-17,-46,10
-21,-49,8
-23,-61,7
-23,-57,18
-24,-54,21
-25,-66,30
-29,-84,37
-27,-90,34
-10,-72,33
-6,-67,33
-18,-60,29
-26,-59,28
-33,-53,25
-27,-47,26
-24,-45,25
-24,-47,22
-28,-52,21
-37,-76,26
-36,-99,35
-34,-105,38
-23,-93,37
-16,-77,29
-13,-66,17
-20,-67,15
-23,-71,16
-20,-72,16
-19,-71,17
-13,-65,17
-10,-57,14
-10,-53,12
-13,-45,8
-14,-39,5
-14,-37,4
-12,-35,4
-13,-37,5
-15,-46,9
-17,-51,11
-19,-61,10
-21,-85,15
-23,-86,28
-21,-71,36
-15,-71,34
-16,-78,31
-6,-67,27
-7,-60,27
-18,-54,26
-27,-53,21
-31,-46,16
-24,-39,19
-23,-36,21
-22,-38,21
-25,-41,20
-29,-56,20
-33,-78,24
-30,-93,29
-26,-118,38
-24,-116,40
-19,-85,26
-20,-72,19
-24,-74,20
-30,-77,17
-30,-73,14
-18,-64,11
-12,-57,10
-11,-54,10
-10,-51,10
-11,-48,9
-11,-45,8
-9,-40,6
-9,-39,5
-14,-45,5
-18,-51,7
-18,-58,12
-17,-74,13
-17,-81,16
-21,-73,25
-23,-65,28
-27,-67,33
-21,-68,32
-12,-65,29
-8,-57,28
-13,-55,28
-23,-53,23
-27,-48,24
-26,-45,25
-23,-44,27
-24,-45,26
-25,-51,26
-28,-62,29
-29,-70,31
-27,-89,32
-27,-101,32
-23,-109,36
-17,-70,26
-17,-59,20
-21,-59,15
-30,-67,14
-19,-75,15
-13,-68,16
-11,-63,15
-9,-53,13
-11,-48,12
-15,-41,8
-15,-38,6
-14,-38,6
-13,-41,8
-13,-44,9
-16,-54,11
-17,-67,14
-17,-76,15
-20,-95,21
-20,-84,29
-20,-56,30
-19,-64,26
-18,-69,24
-10,-68,22
-8,-61,25
-14,-53,27
-30,-47,17
-28,-45,17
-25,-43,19
-24,-44,20
-26,-49,20
-29,-55,22
-30,-58,23
-32,-71,30
-32,-80,32
-30,-102,34
-21,-100,38
-16,-84,31
-16,-67,19
-17,-68,16
-24,-77,11
-11,-74,17
-11,-67,19
-12,-57,16
-15,-54,12
-17,-50,8
-16,-45,6
-14,-42,6
-11,-41,6
-10,-41,6
-12,-45,7
-17,-59,12
-18,-64,15
-17,-78,16
-17,-87,18
-21,-72,32
-21,-48,34
-22,-51,32
-16,-66,26
-9,-71,25
-1,-60,26
-10,-51,22
-17,-49,18
-30,-47,14
-35,-45,16
-33,-41,22
-27,-40,23
-26,-43,23
-25,-57,25
-26,-65,26
-27,-81,30
-27,-95,34
-28,-102,37
-26,-86,37
-25,-70,28
-23,-59,17
-26,-72,15
-29,-79,12
-11,-83,19
-5,-75,20
-5,-65,19
-14,-58,13
-15,-55,10
-17,-49,6
-16,-47,6
-12,-45,6
-11,-46,6
-11,-48,7
-16,-52,11
-17,-51,14
-19,-59,15
-21,-69,19
-21,-65,25
-20,-55,28
-19,-59,27
-16,-77,27
-9,-76,25
-9,-68,27
-25,-60,21
-28,-55,19
-32,-53,20
-30,-49,20
-28,-48,20
-27,-52,22
-28,-54,24
-31,-59,25
-36,-78,32
-35,-90,35
-30,-108,38
-24,-104,39
-18,-79,29
-18,-71,20
-20,-73,16
-21,-83,11
-18,-84,11
-12,-76,18
-11,-65,18
-12,-59,15
-14,-50,8
-14,-45,6
-13,-40,5
-8,-35,5
-6,-34,5
-10,-37,7
-12,-41,10
-18,-47,16
-18,-56,18
-17,-65,19
-15,-79,26
-17,-79,30
-23,-80,37
-26,-90,39
-21,-86,33
-4,-68,34
-21,-62,22
-21,-58,24
-32,-54,20
-32,-50,18
-30,-45,21
-28,-44,22
-27,-45,21
-32,-56,23
-34,-64,26
-32,-81,31
-29,-89,31
-26,-107,36
-21,-85,32
-21,-72,24
-22,-70,18
-24,-74,17
-20,-84,16
-12,-82,19
-10,-76,19
-9,-63,17
-10,-57,14
-14,-50,8
-14,-45,4
-13,-43,3
-7,-38,4
-6,-36,3
-10,-36,6
-18,-45,12
-20,-51,14
-21,-74,14
-21,-85,20
-17,-74,36
-12,-72,34
-14,-87,33
-10,-84,28
-7,-75,25
-11,-61,25
-26,-58,20
-34,-53,15
-31,-46,18
-30,-41,19
-24,-36,19
-26,-43,20
-29,-50,21
-33,-70,26
-34,-81,30
-31,-95,30
-27,-99,33
-22,-88,31
-24,-72,23
-27,-69,21
-32,-77,18
-30,-85,10
-16,-85,12
4,-76,22
0,-69,21
-7,-63,13
-16,-57,7
-18,-54,5
-17,-48,3
-14,-47,3
-11,-49,5
-12,-53,9
-12,-54,11
-14,-62,11
-16,-66,13
-20,-63,26
-16,-58,29
-12,-60,26
-14,-68,26
-14,-64,25
-17,-56,22
-24,-58,25
-25,-57,32
-42,-56,18
-36,-52,15
-29,-55,22
-22,-58,26
-20,-62,25
-24,-73,24
-28,-78,26
-32,-85,29
-34,-95,33
-33,-92,36
-28,-64,27
-27,-56,21
-29,-59,16
-30,-76,14
-27,-83,13
-12,-80,18
-9,-74,22
-8,-64,20
-11,-57,13
-15,-54,10
-16,-47,7
-15,-45,6
-10,-43,6
-10,-47,8
-12,-50,11
-15,-58,13
-15,-66,12
-18,-80,15
-23,-67,30
-23,-60,33
-12,-76,29
-7,-76,27
-1,-61,23
-8,-47,25
-15,-44,25
-28,-41,23
-29,-41,25
-27,-37,24
-23,-40,24
-24,-44,24
-30,-62,27
-32,-70,28
-30,-80,32
-24,-86,34
-23,-89,34
-23,-94,39
-25,-85,36
-28,-63,22
-28,-65,15
-29,-75,14
-22,-88,19
-7,-77,24
-5,-70,22
-5,-62,15
-9,-61,12
-15,-55,7
-17,-52,6
-14,-47,5
-10,-43,7
-10,-42,8
-14,-43,11
-16,-46,13
-16,-50,17
-17,-64,19
-17,-67,23
-18,-62,30
-21,-59,31
-21,-77,33
-15,-83,25
-10,-77,25
-9,-69,28
-18,-67,24
-33,-64,22
-36,-51,21
-33,-46,21
-26,-41,24
-24,-41,25
-25,-48,25
-30,-60,25
-32,-71,28
-28,-86,34
-24,-89,32
-23,-93,38
-25,-70,27
-27,-61,20
-29,-65,13
-30,-75,14
-18,-93,22
-5,-82,24
-1,-74,23
-4,-61,16
-7,-56,13
-17,-49,8
-18,-43,6
-15,-41,7
-9,-36,8
-9,-35,8
-12,-35,13
-16,-37,17
-17,-40,18
-17,-59,17
-16,-73,21
-18,-84,34
-19,-83,38
-21,-89,37
-25,-88,30
-19,-81,26
-6,-66,24
-17,-60,21
-26,-59,19
-37,-51,15
-36,-46,16
-27,-37,20
-21,-35,23
-22,-38,23
-27,-50,23
-29,-57,24
-30,-74,30
-25,-90,33
-26,-98,34
-21,-92,38
-19,-76,30
-18,-63,17
-21,-74,17
-24,-81,17
-12,-80,19
-12,-75,18
-10,-64,17
-12,-54,12
-14,-50,10
-16,-44,6
-16,-41,5
-11,-36,5
-10,-35,6
-11,-37,7
-18,-49,13
-20,-55,16
-20,-80,20
-16,-98,31
-14,-89,35
-12,-67,32
-13,-68,31
-15,-71,26
-11,-63,22
-13,-58,25
-30,-52,17
-30,-49,17
-31,-44,19
-28,-41,21
-26,-41,22
-26,-47,23
-26,-52,24
-26,-62,26
-27,-74,30
-28,-80,32
-26,-89,32
-26,-92,34
-27,-79,32
-28,-63,21
-28,-61,18
-28,-72,14
-25,-79,16
-12,-80,20
-5,-68,20
-4,-63,17
-10,-57,11
-14,-55,8
-17,-51,4
-14,-47,5
-12,-46,5
-11,-44,8
-12,-46,9
-15,-51,13
-18,-67,14
-20,-73,18
-19,-66,33
-16,-61,32
-12,-75,28
-8,-74,30
-8,-66,26
-12,-51,22
-18,-49,20
-31,-50,16
-33,-51,18
-31,-51,20
-26,-54,24
-27,-56,25
-30,-63,26
-32,-71,26
-32,-79,29
-30,-89,31
-28,-94,33
-21,-84,36
-23,-66,26
-25,-65,21
-30,-75,15
-28,-78,13
-21,-74,15
-10,-64,17
-12,-62,16
-15,-60,11
-16,-60,9
-16,-57,8
-11,-51,8
-9,-48,7
-8,-44,6
-10,-45,5
-13,-48,6
-16,-50,11
-18,-52,13
-22,-63,17
-24,-66,24
-23,-64,27
-20,-65,31
-20,-73,35
-14,-76,32
-10,-68,29
-9,-54,28
-30,-50,18
-29,-52,18
-30,-51,20
-27,-49,20
-22,-49,21
-23,-53,24
-25,-55,24
-28,-60,26
-29,-66,27
-31,-88,30
-30,-106,37
-26,-93,34
-22,-70,18
-19,-69,16
-23,-74,19
-23,-70,18
-18,-65,17
-13,-57,16
-11,-55,15
-13,-52,13
-14,-50,9
-14,-50,8
-12,-50,7
-11,-50,7
-11,-53,7
-15,-60,11
-17,-59,15
-20,-59,16
-19,-61,17
-20,-65,24
-18,-59,32
-16,-57,34
-13,-60,32
-11,-59,28
-8,-55,23
-15,-54,25
-19,-54,27
-31,-49,22
-28,-47,24
-26,-45,24
-25,-51,24
-24,-56,26
-24,-59,29
-26,-63,31
-28,-80,36
-31,-110,38
-30,-112,42
-27,-68,25
-24,-58,19
-22,-60,19
-27,-69,18
-28,-71,14
-13,-69,15
-11,-66,15
-8,-61,17
-12,-55,15
-14,-52,12
-16,-47,7
-15,-46,6
-12,-42,8
-12,-44,9
-15,-51,12
-18,-61,17
-18,-68,17
-19,-85,21
-21,-66,37
-22,-56,38
-19,-63,37
-12,-66,35
1,-62,28
-3,-48,29
-10,-45,27
-21,-41,22
-18,-42,26
-11,-44,25
-18,-49,10
-30,-50,4
-57,-52,0
-64,-53,0
-60,-63,4
-55,-77,6
-44,-87,10
-25,-100,32
-14,-88,32
-8,-70,24
-21,-70,16
-24,-75,17
-24,-75,19
-17,-68,20
-9,-57,20
-9,-54,18
-12,-53,16
-15,-51,10
-14,-50,8
-11,-48,8
-12,-49,8
-13,-50,8
-16,-55,10
-17,-55,11
-19,-57,12
-22,-68,17
-23,-72,26
-14,-62,30
-4,-61,26
-12,-73,24
-17,-67,20
-20,-62,18
-34,-62,14
-38,-61,12
-31,-56,14
-22,-53,23
-20,-53,26
-20,-54,25
-23,-55,25
-27,-55,21
-27,-57,24
-30,-67,26
-32,-93,32
-34,-104,37
-24,-92,38
-20,-74,23
-18,-74,20
-23,-80,18
-22,-82,16
-14,-72,17
-13,-62,15
-10,-60,14
-12,-55,10
-12,-53,8
-11,-48,7
-6,-46,7
-6,-46,7
-8,-47,4
-10,-50,4
-17,-53,7
-22,-59,11
-23,-65,13
-22,-57,23
-22,-53,25
-18,-61,24
-18,-91,30
-13,-88,33
-9,-64,26
-12,-57,24
-25,-55,21
-37,-55,20
-34,-55,23
-28,-52,25
-26,-51,26
-29,-57,29
-32,-70,32
-32,-79,34
-26,-93,36
-22,-100,37
-18,-93,39
-24,-66,25
-28,-62,18
-31,-70,13
-31,-79,12
-16,-90,18
-8,-82,21
-6,-75,19
-8,-64,12
-10,-59,9
-15,-52,5
-14,-45,4
-12,-42,4
-8,-37,5
-9,-37,6
-15,-40,9
-18,-45,15
-17,-50,16
-14,-66,16
-14,-70,22
-17,-66,30
-23,-76,34
-25,-91,37
-19,-83,30
-13,-72,27
-4,-58,26
-32,-57,15
-41,-54,10
-35,-54,16
-33,-50,17
-22,-45,21
-20,-48,24
-23,-51,23
-30,-63,25
-33,-75,27
-32,-90,28
-27,-94,34
-21,-87,35
-23,-73,26
-24,-69,24
-30,-76,19
-30,-84,13
-20,-81,13
9,-65,28
13,-61,26
-4,-54,12
-19,-51,4
-21,-50,4
-18,-47,4
-14,-45,5
-10,-40,6
-14,-44,8
-17,-45,10
-20,-52,12
-22,-59,13
-23,-72,22
-20,-67,27
-18,-68,29
-19,-80,33
-17,-79,31
-12,-64,24
-10,-58,30
-27,-60,21
-31,-55,20
-30,-52,23
-26,-44,23
-21,-41,23
-24,-44,23
-26,-52,23
-28,-58,23
-30,-78,28
-25,-91,30
-24,-97,31
-20,-90,35
-21,-76,29
-26,-59,18
-30,-66,11
-27,-73,13
-10,-82,18
-6,-75,23
-7,-59,20
-12,-51,12
-15,-48,10
-18,-44,7
-17,-43,6
-12,-42,8
-11,-42,9
-11,-45,10
-15,-55,14
-16,-57,16
-17,-65,16
-19,-74,21
-19,-68,24
-22,-56,25
-22,-61,25
-22,-78,25
-14,-71,19
-11,-63,20
-18,-57,17
-20,-55,17
-30,-53,18
-32,-48,19
-30,-46,19
-26,-50,23
-24,-54,26
-24,-63,27
-26,-81,32
-24,-86,33
-23,-94,30
-24,-95,33
-25,-73,28
-27,-59,15
-27,-61,13
-31,-73,8
-22,-77,9
-4,-71,15
-3,-64,20
-9,-60,15
-15,-56,10
-15,-53,9
-15,-49,6
-12,-46,6
-11,-46,6
-12,-47,6
-13,-50,7
-19,-56,13
-20,-62,16
-20,-68,15
-21,-64,22
-21,-59,26
-21,-59,30
-17,-77,30
-13,-78,27
-6,-62,24
-5,-55,24
-19,-52,22
-35,-46,11
-32,-47,16
-29,-44,19
-25,-45,21
-25,-53,26
-26,-63,32
-25,-67,33
-22,-80,32
-21,-86,30
-24,-105,35
-26,-77,28
-27,-66,21
-28,-64,17
-31,-69,16
-24,-74,18
-10,-65,20
-6,-60,19
-5,-53,16
-8,-50,14
-14,-46,9
-15,-43,7
-14,-43,6
-11,-44,8
-12,-48,11
-14,-51,13
-18,-57,16
-20,-63,16
-22,-75,22
-21,-70,30
-21,-57,35
-18,-70,32
-16,-73,29
-3,-65,25
0,-57,24
-10,-51,23
-29,-49,14
-31,-49,15
-34,-45,15
-30,-44,18
-23,-45,23
-23,-50,25
-25,-55,27
-29,-76,32
-29,-89,34
-31,-116,39
-23,-85,36
-23,-72,26
-15,-67,18
-15,-72,17
-21,-82,13
-8,-73,19
-5,-66,22
-12,-54,17
-15,-50,15
-18,-44,9
-20,-41,6
-15,-39,8
-10,-39,5
-11,-39,3
-9,-45,5
-16,-57,13
-17,-62,14
-16,-80,16
-16,-84,21
-17,-69,32
-18,-65,35
-17,-74,33
-6,-73,28
-3,-63,30
-8,-49,30
-25,-45,24
-31,-45,22
-33,-43,22
-30,-42,24
-24,-44,29
-24,-53,31
-25,-57,28
-24,-69,26
-23,-78,29
-22,-90,32
-24,-101,34
-23,-99,36
-21,-70,27
-22,-60,22
-25,-57,13
-31,-72,12
-16,-77,14
-11,-70,19
-7,-65,20
-6,-55,15
-11,-51,10
-14,-48,8
-16,-45,5
-14,-44,4
-12,-45,6
-12,-49,10
-13,-53,12
-15,-53,16
-16,-57,16
-17,-73,16
-20,-73,25
-22,-69,29
-21,-72,33
-18,-83,29
-16,-78,24
-5,-60,26
-27,-54,14
-19,-55,21
-26,-52,21
-25,-47,19
-25,-42,17
-25,-42,19
-28,-50,23
-29,-56,25
-30,-70,30
-27,-86,37
-23,-89,38
-20,-93,38
-19,-88,37
-22,-71,27
-22,-62,17
-23,-65,13
-20,-77,13
-13,-77,18
-10,-66,20
-10,-58,15
-12,-55,12
-17,-50,7
-18,-49,6
-14,-48,6
-9,-45,7
-7,-43,6
-8,-41,6
-12,-44,7
-21,-48,14
-26,-63,16
-27,-72,18
-24,-74,32
-18,-73,40
-13,-81,40
-14,-84,28
-3,-79,25
-15,-66,24
-38,-54,13
-41,-54,15
-31,-47,20
-24,-42,20
-17,-36,19
-22,-42,21
-26,-48,23
-29,-60,25
-30,-69,27
-27,-89,28
-27,-100,30
-20,-92,35
-20,-70,18
-20,-69,14
-23,-75,15
-25,-79,17
-19,-73,17
-15,-63,15
-12,-60,14
-11,-56,12
-12,-54,10
-12,-49,9
-11,-44,7
-10,-43,8
-11,-42,8
-12,-44,9
-16,-48,13
-17,-54,18
-16,-61,18
-15,-79,21
-15,-80,26
-21,-72,33
-23,-77,31
-21,-76,27
-6,-64,24
-4,-54,23
-13,-55,21
-35,-49,9
-30,-48,12
-28,-41,15
-21,-40,18
-21,-43,19
-25,-51,20
-27,-58,21
-31,-75,25
-34,-97,29
-35,-105,32
-28,-81,32
-27,-69,25
-24,-69,19
-25,-72,19
-27,-72,15
-20,-69,9
-11,-66,13
3,-62,22
-5,-59,20
-14,-56,12
-18,-51,7
-18,-49,5
-14,-46,5
-11,-48,6
-12,-52,10
-16,-53,14
-17,-57,14
-19,-72,16
-18,-74,19
-17,-62,25
-18,-61,25
-19,-67,25
-13,-63,22
-6,-53,21
-11,-52,21
-24,-49,22
-29,-46,23
-34,-43,25
-29,-42,28
-27,-44,30
-22,-51,32
-22,-58,32
-26,-76,34
-25,-97,36
-23,-103,35
-18,-105,38
-16,-91,36
-19,-68,22
-21,-59,15
-23,-60,14
-24,-71,10
-21,-71,11
-16,-65,15
-12,-60,17
-7,-52,14
-12,-49,10
-15,-47,8
-16,-44,5
-14,-44,5
-11,-44,13
-19,-47,8
-28,-51,-1
-15,-62,14
-3,-72,22
-2,-80,35
-11,-72,34
-17,-75,33
-33,-78,39
-23,-57,23
-18,-48,18
-15,-43,18
-19,-46,17
-25,-47,18
-26,-43,22
-27,-42,24
-29,-45,29
-29,-49,31
-30,-62,30
-31,-84,32
-27,-90,33
-19,-90,31
-16,-92,32
-17,-80,34
-25,-64,21
-26,-61,15
-26,-70,11
-25,-74,12
-15,-68,20
-11,-55,19
-11,-51,16
-15,-49,10
-16,-48,8
-15,-48,8
-13,-47,8
-10,-43,8
-11,-44,8
-14,-47,10
-20,-55,16
-21,-62,18
-22,-76,22
-20,-72,33
-18,-63,35
-18,-62,32
-11,-69,31
-9,-68,26
-3,-59,24
-8,-59,26
-44,-54,9
-33,-50,15
-30,-47,19
-20,-40,20
-18,-41,20
-26,-48,19
-30,-60,21
-31,-67,22
-32,-84,27
-31,-89,29
-32,-99,36
-29,-81,31
-29,-72,23
-25,-67,15
-26,-70,13
-20,-74,15
-11,-62,24
-8,-56,25
-9,-52,18
-11,-52,15
-14,-54,8
-12,-52,7
-10,-51,7
-8,-49,8
-9,-48,7
-16,-48,7
-19,-50,10
-20,-53,16
-23,-67,19
-23,-72,24
-15,-61,32
-12,-58,29
-14,-71,32
-15,-73,28
-15,-66,23
-18,-58,18
-23,-58,24
-25,-58,23
-32,-50,17
-26,-49,20
-26,-51,20
-25,-58,23
-25,-61,23
-23,-65,21
-21,-67,21
-23,-69,22
-28,-84,25
-35,-96,31
-35,-76,29
-31,-54,17
-22,-44,11
-28,-62,18
-31,-71,20
-21,-76,13
-15,-73,13
-2,-63,21
-10,-58,19
-14,-58,15
-17,-64,10
-15,-66,9
-10,-64,12
-8,-63,15
-7,-63,14
-6,-75,7
-7,-81,7
-13,-62,18
-18,-56,21
-20,-55,25
-19,-52,27
-15,-44,25
-9,-29,19
-11,-29,18
-14,-32,20
-25,-39,22
-28,-44,23
-29,-61,27
-26,-81,36
-23,-87,36
-23,-88,36
-22,-86,36
-27,-84,34
-35,-91,38
-37,-84,37
-32,-58,26
-29,-53,23
-28,-64,20
-27,-77,19
-20,-75,20
-9,-65,22
-7,-62,22
-13,-59,19
-17,-57,12
-17,-56,10
-13,-54,11
-11,-53,10
-8,-53,10
-13,-57,12
-13,-56,14
-13,-57,15
-14,-63,15
-16,-58,24
-16,-43,26
-18,-45,24
-24,-71,34
-19,-72,33
-11,-58,23
-11,-52,22
-20,-51,21
-28,-52,19
-29,-52,21
-28,-52,24
-27,-57,26
-26,-59,27
-27,-71,29
-29,-78,34
-29,-86,35
-28,-91,32
-28,-92,34
-30,-67,26
-31,-56,18
-29,-55,15
-32,-78,19
-30,-85,20
-19,-75,20
-13,-67,20
-10,-61,17
-17,-60,13
-18,-60,12
-16,-59,10
-14,-58,11
-9,-53,11
-10,-50,12
-12,-52,13
-12,-57,14
-11,-66,12
-14,-69,24
-14,-47,34
-12,-41,31
-16,-63,31
-16,-66,34
-10,-57,30
-10,-47,30
-12,-47,30
-22,-48,27
-25,-49,26
-27,-49,29
-26,-51,29
-26,-53,29
-25,-60,30
-24,-63,30
-25,-71,29
-26,-78,28
-27,-80,29
-33,-93,34
-36,-91,38
-32,-61,29
-27,-55,22
-26,-63,22
-23,-83,23
-17,-83,22
-8,-74,17
-8,-72,17
-12,-72,18
-21,-63,17
-22,-56,15
-18,-45,10
-12,-38,8
-9,-36,7
-7,-35,7
-10,-36,8
-17,-40,14
-21,-51,21
-19,-65,21
-15,-90,28
-15,-83,36
-18,-56,41
-26,-61,23
-25,-68,16
-4,-83,20
-4,-82,24
-15,-65,28
-30,-50,26
-35,-46,25
-39,-38,20
-35,-37,20
-28,-42,25
-23,-52,28
-23,-56,28
-24,-72,30
-24,-81,30
-23,-100,30
-21,-101,33
-20,-87,27
-20,-70,17
-22,-69,14
-29,-76,15
-22,-74,14
-19,-70,14
-8,-61,15
-6,-57,14
-7,-47,11
-10,-38,7
-10,-36,6
-11,-32,6
-11,-30,6
-14,-34,8
-18,-45,13
-18,-53,16
-20,-87,21
-20,-105,30
-15,-92,37
-19,-76,39
-21,-71,42
-16,-59,34
-8,-52,31
-7,-48,25
-17,-50,18
-22,-51,16
-28,-45,20
-28,-38,23
-28,-30,24
-27,-36,22
-27,-44,22
-28,-68,24
-28,-80,28
-21,-84,30
-22,-95,30
-23,-94,33
-29,-73,25
-30,-66,21
-33,-64,18
-30,-69,17
-22,-67,17
-6,-61,20
-7,-58,21
-6,-53,20
-9,-48,13
-10,-46,11
-9,-41,10
-9,-39,10
-11,-38,9
-17,-43,10
-21,-50,12
-21,-63,16
-20,-77,16
-20,-97,24
-26,-71,35
-27,-57,36
-25,-60,27
-20,-62,22
-2,-59,20
11,-54,26
1,-54,23
-37,-46,12
-42,-46,14
-35,-40,22
-21,-39,26
-16,-42,29
-16,-51,26
-16,-55,24
-12,-68,31
-21,-75,32
-23,-79,31
-20,-94,36
-20,-95,41
-22,-69,32
-22,-56,16
-18,-61,15
-13,-79,17
-6,-77,19
-6,-62,20
-13,-51,14
-18,-47,11
-23,-42,7
-23,-40,6
-17,-36,6
-12,-34,8
-13,-33,8
-18,-41,10
-20,-47,11
-22,-61,15
-22,-92,21
-25,-97,33
-22,-84,47
-19,-80,40
-14,-72,28
10,-59,25
6,-53,21
-19,-51,17
-37,-49,13
-28,-43,20
-27,-24,10
-28,-19,6
-36,-26,10
-42,-35,11
-47,-54,8
-46,-84,14
-37,-94,24
-8,-92,31
-5,-96,26
-13,-87,30
-28,-51,22
-34,-43,16
-38,-51,7
-37,-63,7
-16,-85,17
12,-67,31
15,-60,30
-4,-51,16
-14,-49,12
-25,-46,7
-22,-47,5
-17,-49,7
-11,-53,11
-10,-57,13
-14,-64,16
-20,-73,16
-21,-77,17
-22,-67,32
-19,-56,39
-6,-57,29
-8,-66,22
-5,-60,22
-12,-42,20
-18,-39,17
-30,-38,12
-34,-42,19
-30,-43,22
-24,-48,23
-24,-53,23
-24,-62,25
-24,-70,24
-25,-78,25
-24,-88,25
-25,-95,26
-24,-91,37
-31,-66,30
-34,-57,24
-31,-58,18
-29,-64,18
-25,-72,16
-9,-66,17
5,-63,21
1,-58,20
-7,-56,13
-21,-53,7
-22,-52,5
-21,-52,6
-14,-54,9
-13,-54,10
-14,-60,11
-18,-63,12
-19,-68,12
-23,-66,17
-26,-57,22
-26,-47,27
-14,-61,24
-6,-66,22
4,-58,26
3,-54,28
-12,-48,27
-33,-47,18
-37,-47,18
-31,-48,24
-28,-50,26
-25,-55,29
-23,-61,31
-22,-64,33
-24,-74,35
-25,-81,33
-25,-97,35
-21,-94,40
-22,-79,32
-23,-63,21
-24,-65,19
-24,-78,20
-15,-80,20
-12,-75,19
-5,-64,19
-6,-59,16
-11,-49,9
-14,-41,5
-14,-38,4
-9,-32,3
-9,-31,2
-12,-32,4
-19,-41,8
-20,-46,11
-21,-64,12
-23,-82,13
-25,-97,30
-23,-76,33
-21,-75,30
-22,-81,26
-13,-78,24
-6,-67,26
-21,-59,26
-29,-55,22
-36,-46,18
-35,-40,18
-26,-33,22
-23,-36,24
-26,-41,24
-32,-58,25
-35,-71,29
-31,-94,37
-25,-104,33
-19,-104,35
-11,-85,28
-14,-77,21
-20,-74,15
-26,-81,12
-24,-82,13
-18,-70,19
-15,-63,17
-11,-54,12
-13,-48,7
-14,-46,6
-13,-42,6
-11,-39,5
-8,-37,4
-11,-42,5
-14,-45,6
-17,-54,12
-17,-55,14
-19,-69,14
-20,-73,25
-20,-68,27
-21,-64,26
-23,-75,29
-20,-80,30
-11,-65,25
-8,-59,29
-38,-52,13
-31,-54,17
-28,-51,20
-21,-48,22
-19,-49,23
-22,-53,23
-24,-55,22
-31,-66,24
-32,-83,30
-32,-88,30
-29,-93,39
-25,-82,36
-26,-66,21
-28,-72,17
-29,-78,17
-24,-83,17
-20,-79,14
-5,-69,18
-7,-62,16
-11,-61,12
-16,-57,7
-17,-54,6
-13,-47,6
-9,-45,5
-9,-45,5
-11,-48,7
-14,-48,9
-17,-45,12
-21,-53,14
-22,-58,15
-22,-60,23
-22,-58,25
-21,-70,28
-22,-91,34
-18,-85,31
0,-59,34
-9,-58,28
-26,-52,19
-35,-51,22
-29,-48,21
-22,-44,21
-21,-44,21
-21,-52,23
-23,-60,22
-24,-65,22
-28,-82,27
-28,-89,29
-25,-98,33
-23,-76,26
-23,-63,21
-24,-57,16
-26,-61,16
-26,-70,17
-13,-68,18
-8,-65,16
-8,-60,15
-9,-57,13
-16,-51,10
-18,-46,7
-17,-44,6
-14,-43,5
-13,-44,6
-14,-49,9
-17,-58,12
-17,-60,14
-18,-75,15
-18,-82,17
-17,-72,26
-19,-55,27
-20,-57,28
-20,-67,25
-10,-62,22
-7,-55,22
-9,-49,26
-36,-44,12
-31,-42,17
-32,-41,21
-24,-44,23
-21,-53,24
-20,-57,25
-22,-64,26
-24,-68,28
-30,-87,29
-35,-110,43
-31,-102,43
-23,-78,24
-18,-76,19
-12,-77,18
-16,-77,16
-19,-73,13
-17,-64,12
-14,-60,14
-16,-51,11
-14,-44,5
-10,-40,4
-5,-35,1
-5,-34,2
-11,-32,4
-20,-39,10
-21,-46,13
-15,-59,17
-13,-73,17
-11,-93,21
-20,-81,31
-23,-77,32
-27,-86,30
-24,-81,28
-11,-62,23
-11,-54,28
-27,-51,20
-23,-48,24
-26,-44,28
-26,-35,30
-25,-35,30
-26,-40,30
-23,-55,30
-20,-61,29
-17,-78,31
-17,-92,34
-20,-100,35
-23,-100,38
-21,-83,32
-21,-65,16
-23,-71,13
-25,-77,13
-18,-75,16
-15,-69,17
-9,-57,16
-11,-50,11
-13,-47,9
-14,-42,6
-13,-41,5
-10,-39,5
-11,-36,6
-13,-39,8
-19,-51,13
-19,-55,17
-18,-70,18
-18,-81,26
-20,-78,31
-23,-82,40
-20,-86,40
-9,-76,33
2,-57,28
3,-53,30
-34,-47,12
-35,-47,11
-32,-43,15
-26,-35,18
-23,-34,20
-27,-41,23
-30,-50,26
-29,-68,30
-23,-89,30
-18,-92,28
-17,-101,28
-18,-94,30
-25,-65,21
-31,-55,14
-34,-59,12
-36,-65,12
-24,-64,15
-14,-59,18
-5,-57,18
-8,-55,16
-11,-53,13
-12,-51,11
-12,-50,10
-10,-51,11
-10,-52,11
-13,-56,11
-15,-59,11
-18,-62,15
-22,-74,17
-24,-77,22
-21,-62,33
-18,-55,33
-16,-62,32
-10,-69,28
-7,-64,25
-9,-52,20
-18,-47,20
-21,-44,16
-35,-41,12
-33,-39,15
-26,-37,17
-24,-40,18
-24,-57,22
-27,-75,28
-28,-83,30
-32,-95,30
-35,-101,34
-32,-87,35
-29,-69,22
-26,-69,20
-25,-72,18
-23,-71,18
-17,-63,15
-13,-57,16
-13,-56,15
-16,-58,11
-18,-60,10
-15,-60,10
-12,-56,9
-10,-54,9
-10,-49,7
-11,-49,7
-12,-48,7
-15,-45,11
-17,-43,13
-22,-54,16
-23,-62,19
-21,-65,24
-20,-66,28
-19,-73,30
-17,-82,29
-15,-78,26
-13,-64,24
-26,-57,20
-28,-56,20
-31,-50,21
-30,-47,21
-26,-44,22
-25,-46,24
-26,-49,24
-28,-57,23
-30,-64,24
-29,-82,31
-25,-99,31
-24,-103,33
-21,-79,26
-24,-67,16
-25,-68,15
-25,-75,18
-19,-76,18
-12,-71,18
-8,-67,16
-9,-61,14
-12,-53,10
-14,-51,8
-15,-47,5
-14,-46,5
-11,-43,6
-12,-43,8
-14,-45,10
-16,-45,14
-17,-49,15
-19,-66,15
-20,-70,26
-20,-66,29
-18,-70,28
-21,-80,28
-20,-80,23
-5,-66,25
-3,-64,31
-44,-55,10
-34,-58,17
-31,-50,21
-20,-45,19
-20,-46,19
-25,-53,22
-27,-55,22
-33,-61,24
-35,-83,29
-36,-98,31
-29,-109,38
-22,-95,33
-18,-75,17
-19,-76,15
-22,-78,15
-18,-76,13
-17,-71,17
-15,-60,14
-13,-54,11
-13,-51,9
-14,-46,6
-13,-45,6
-11,-44,5
-9,-46,6
-10,-47,6
-14,-56,8
-15,-58,10
-14,-61,10
-19,-73,11
-23,-71,18
-28,-60,25
-27,-59,25
-22,-81,29
-6,-78,29
-3,-70,26
-9,-58,23
-10,-56,29
-55,-48,5
-34,-48,19
-29,-47,23
-16,-46,24
-17,-49,24
-27,-57,22
-33,-76,25
-34,-84,27
-31,-96,28
-26,-94,32
-25,-81,28
-33,-77,18
-34,-79,16
-30,-82,16
-26,-79,13
-4,-67,19
-2,-57,17
-6,-56,14
-17,-56,7
-18,-56,7
-16,-52,7
-11,-50,7
-9,-50,7
-10,-52,6
-12,-56,7
-13,-57,10
-15,-63,9
-18,-69,10
-24,-62,19
-28,-56,24
-27,-52,26
-24,-73,31
-16,-75,30
-3,-61,24
-3,-57,26
-13,-55,29
-37,-48,16
-32,-50,21
-28,-46,22
-23,-48,23
-25,-54,26
-28,-60,25
-29,-64,26
-29,-83,31
-28,-94,32
-27,-103,37
-22,-76,24
-24,-70,21
-28,-71,18
-30,-74,16
-27,-71,14
-14,-64,16
-9,-61,18
-7,-57,16
-8,-55,13
-13,-50,9
-14,-47,6
-13,-47,6
-12,-47,7
-12,-47,7
-14,-52,7
-17,-52,12
-19,-53,14
-21,-61,17
-22,-63,19
-21,-62,26
-21,-74,30
-21,-82,32
-16,-79,28
-13,-69,25
-15,-57,22
-26,-56,20
-29,-56,20
-27,-53,21
-26,-52,20
-24,-49,22
-27,-50,25
-30,-53,27
-33,-69,31
-32,-80,32
-28,-101,33
-19,-98,36
-19,-83,28
-23,-70,18
-26,-72,14
-28,-83,10
-12,-79,17
-13,-70,18
-7,-58,17
-7,-54,14
-11,-49,9
-12,-44,7
-11,-41,6
-8,-39,6
-7,-39,6
-11,-42,6
-19,-49,9
-20,-49,13
-22,-59,16
-25,-79,24
-23,-78,31
-20,-68,36
-15,-70,37
-7,-80,34
-3,-77,29
1,-63,30
-25,-52,18
-26,-51,18
-36,-45,14
-36,-43,14
-29,-43,19
-24,-49,21
-24,-54,23
-24,-62,27
-25,-65,29
-25,-79,29
-27,-98,33
-27,-101,37
-21,-72,26
-20,-62,20
-23,-64,18
-31,-77,17
-23,-78,17
-16,-70,18
-9,-66,18
-7,-59,15
-11,-53,12
-13,-50,11
-13,-45,9
-12,-43,8
-12,-44,9
-12,-46,10
-14,-49,10
-17,-53,15
-18,-54,17
-20,-65,18
-20,-72,25
-20,-69,29
-20,-71,33
-18,-79,36
-13,-81,30
-7,-63,24
-9,-57,22
-20,-52,18
-26,-50,15
-33,-47,13
-29,-43,18
-26,-42,20
-24,-46,22
-25,-49,23
-29,-63,25
-29,-83,32
-25,-88,30
-23,-99,35
-20,-93,36
-21,-71,25
-24,-67,20
-27,-70,16
-19,-78,16
-15,-77,18
-8,-66,20
-6,-57,17
-8,-53,14
-13,-47,8
-15,-44,7
-14,-42,6
-10,-42,6
-9,-42,7
-12,-49,10
-15,-53,13
-18,-67,16
-19,-83,19
-17,-74,25
-19,-57,30
-19,-61,31
-19,-79,34
-9,-70,25
-5,-60,23
-13,-50,22
-20,-49,19
-31,-46,15
-32,-43,19
-28,-43,22
-22,-45,27
-21,-49,27
-22,-57,27
-26,-69,30
-26,-78,34
-26,-91,36
-26,-94,38
-23,-78,36
-24,-63,23
-25,-64,21
-27,-71,19
-25,-75,18
-15,-75,19
-9,-69,20
-7,-65,19
-10,-56,14
-12,-52,11
-15,-46,7
-12,-43,7
-11,-43,8
-10,-43,9
-12,-45,11
-15,-48,18
-16,-53,17
-17,-61,17
-18,-70,27
-19,-64,31
-22,-61,32
-19,-82,31
-15,-85,26
-2,-69,23
-2,-60,24
-14,-51,19
-31,-46,12
-36,-44,11
-35,-42,14
-30,-43,17
-24,-48,24
-25,-57,29
-28,-65,31
-32,-94,38
-32,-110,42
-20,-96,38
-15,-78,19
-12,-79,18
-19,-81,21
-26,-80,19
-30,-69,13
-21,-57,11
-17,-54,11
-13,-49,9
-13,-46,8
-14,-42,6
-12,-40,5
-11,-42,5
-11,-47,7
-11,-51,8
-14,-61,12
-13,-66,17
-13,-74,17
-14,-82,20
-17,-71,24
-23,-59,26
-26,-70,32
-22,-74,34
-7,-59,27
-5,-50,23
-12,-43,21
-28,-40,13
-30,-41,13
-29,-44,16
-26,-45,18
-22,-51,21
-25,-63,23
-27,-71,24
-29,-84,30
-29,-98,32
-29,-99,34
-26,-73,26
-26,-69,21
-29,-77,19
-31,-83,19
-25,-86,14
-6,-73,15
-2,-66,18
-3,-55,16
-7,-50,12
-16,-47,6
-20,-46,3
-18,-44,3
-12,-42,4
-10,-43,5
-11,-51,8
-15,-57,9
-16,-62,10
-20,-78,13
-20,-81,17
-21,-67,25
-16,-67,24
-16,-77,26
-14,-74,27
-11,-64,27
-14,-48,25
-24,-43,21
-27,-41,19
-30,-40,22
-29,-41,23
-26,-40,26
-26,-47,25
-28,-56,28
-28,-78,37
-24,-91,38
-18,-109,34
-13,-107,37
-14,-88,32
-16,-67,17
-18,-66,13
-27,-71,11
-21,-67,12
-20,-61,14
-14,-51,16
-11,-47,15
-10,-41,12
-11,-40,9
-11,-39,9
-9,-37,9
-8,-35,9
-11,-35,11
-19,-47,16
-21,-53,19
-20,-73,23
-19,-89,25
-15,-94,42
-18,-62,40
-18,-61,38
-17,-69,29
-13,-71,23
-8,-62,22
-13,-51,20
-18,-48,19
-30,-40,18
-35,-37,18
-34,-34,20
-30,-40,24
-29,-45,27
-25,-58,32
-22,-63,34
-18,-74,36
-15,-87,32
-19,-96,33
-23,-87,36
-23,-69,29
-24,-54,20
-28,-61,18
-29,-69,18
-10,-74,20
-9,-69,19
-4,-58,19
-10,-50,15
-14,-47,12
-18,-44,8
-18,-43,8
-14,-42,9
-13,-43,11
-14,-46,13
-18,-56,17
-19,-59,19
-19,-75,20
-18,-88,30
-18,-74,34
-20,-53,32
-20,-59,29
-16,-69,19
-7,-62,18
-7,-56,20
-15,-49,20
-20,-46,18
-31,-42,18
-31,-40,20
-27,-41,22
-22,-49,26
-20,-53,26
-23,-64,28
-25,-81,33
-25,-86,31
-26,-97,35
-26,-89,34
-27,-70,23
-28,-69,17
-30,-72,16
-22,-75,16
-15,-72,15
-7,-63,17
-10,-57,15
-13,-55,12
-17,-53,9
-17,-50,8
-15,-45,6
-11,-44,7
-11,-45,7
-14,-51,10
-17,-56,13
-17,-64,15
-17,-73,17
-18,-65,23
-23,-52,28
-23,-57,28
-18,-78,30
-7,-73,24
-4,-63,25
-12,-54,26
-19,-51,23
-27,-46,20
-27,-41,21
-27,-40,23
-35,-49,28
-41,-55,29
-47,-63,30
-50,-70,36
-54,-76,37
-58,-79,28
-62,-82,25
-67,-80,19
-46,-74,7
-41,-73,5
-40,-73,12
-39,-73,19
-33,-64,25
-23,-54,22
-16,-47,19
-6,-36,19
-1,-30,23
0,-22,33
4,-11,21
0,-15,33
-14,-16,53
-1,-6,60
-13,-14,59
-22,-17,65
-17,-24,75
-20,-31,82
-18,-29,72
-4,-26,55
-9,-24,59
-11,-29,64
-1,-21,57
-1,-15,50
0,-9,47
3,-7,48
4,-6,45
6,-9,58
18,-8,60
20,-6,62
15,-1,63
11,0,65
7,-4,69
8,-5,71
15,4,78
5,0,80
-1,-7,79
-1,4,70
0,8,68
-5,0,65
-7,-10,62
-3,-9,56
2,-4,55
6,-2,57
6,0,70
4,7,50
-1,4,46
-1,-6,45
-1,-3,50
-8,-4,53
-12,-8,63
-13,-9,71
-18,-19,80
-19,-20,81
-25,-30,84
-25,-31,74
-19,-28,65
-14,-25,59
-14,-27,60
-8,-23,52
-4,-11,38
-7,-9,36
-12,-5,41
-10,-3,43
-11,-3,47
-19,-5,55
-21,-5,60
-26,-9,71
-30,-12,76
-29,-14,82
-44,-14,86
-49,-18,89
-37,-18,73
-30,-12,60
-33,-4,52
-32,-6,56
-28,-7,54
-22,-8,44
-22,-7,42
-21,-5,45
-18,-5,47
-17,-5,48
-16,-4,51
-17,-5,53
-20,-4,59
-16,-10,67
-15,-13,67
-17,-9,66
-20,-10,70
