1692527297.000000, 1692527297.000000, 1692527297.000000
32.000000, 32.000000, 32.000000
-65,29,-7
-68,26,-6
-72,25,-12
-67,22,-19
-61,21,-18
-65,20,-21
-68,18,-28
-65,18,-26
-65,16,-26
-63,15,-30
-67,15,-32
-68,15,-27
-74,14,-26
-72,16,-19
-77,15,-10
-72,15,-3
-52,16,14
-40,14,22
-22,12,35
-15,2,44
-22,10,52
-28,5,60
-27,4,60
-26,6,61
-21,4,60
-22,5,58
-23,4,58
-23,5,57
-23,5,57
-25,3,58
-22,7,59
-22,2,58
-24,6,59
-24,4,60
-24,5,60
-23,4,59
-24,3,58
-25,4,59
-25,4,59
-24,3,59
-24,3,60
-24,4,61
-24,4,60
-24,4,59
-25,4,59
-24,4,58
-24,4,58
-24,4,59
-25,4,58
-25,4,58
-25,4,58
-25,4,59
-25,4,59
-25,4,59
-25,4,59
-24,5,59
-25,3,59
-26,4,59
-25,5,58
-25,4,58
-25,3,58
-25,4,59
-25,4,60
-24,5,59
-24,4,59
-25,4,59
-25,4,59
-25,3,59
-25,3,59
-25,4,59
-25,4,59
-24,3,59
-25,3,59
-25,4,59
-25,4,59
-25,3,59
-25,4,59
-25,4,59
-25,4,59
-25,3,58
-25,4,58
-25,4,58
-25,4,58
-26,4,58
-26,4,58
-25,4,58
-25,4,58
-25,4,59
-26,4,59
-26,4,59
-26,4,59
-25,4,58
-25,4,58
-26,4,58
-26,4,58
-26,4,59
-25,4,59
-25,4,59
-25,4,58
-25,4,58
-25,4,59
-25,4,58
-26,4,58
-26,3,58
-25,3,58
-25,3,58
-26,4,58
-26,4,59
-25,4,59
-25,4,58
-24,4,57
-24,3,57
-25,3,58
-28,4,60
-27,3,61
-26,3,59
-26,3,57
-26,4,57
-24,4,57
-27,3,57
-28,3,58
-27,3,59
-27,3,58
-25,4,58
-24,4,57
-25,4,57
-27,4,59
-27,4,59
-27,4,59
-27,4,59
-27,4,58
-26,4,56
-27,3,56
-28,4,57
-27,5,59
-27,5,58
-26,5,59
-26,4,58
-26,4,58
-26,4,58
-26,3,59
-26,4,58
-26,4,59
-25,4,59
-26,4,58
-26,4,58
-25,5,57
-26,4,57
-27,4,58
-26,5,58
-26,5,58
-25,6,58
-25,6,58
-25,5,58
-26,4,59
-25,4,59
-26,4,59
-26,4,58
-26,4,58
-26,4,58
-26,4,58
-27,4,58
-26,5,58
-26,5,58
-26,5,59
-26,6,59
-26,5,59
-26,5,58
-26,5,58
-26,5,58
-26,5,58
-25,5,58
-25,5,58
-26,5,58
-25,4,58
-25,4,58
-26,5,58
-25,4,58
-25,5,59
-25,5,58
-25,5,58
-25,5,58
-26,4,59
-26,4,59
-26,5,59
-26,5,59
-25,5,58
-25,5,58
-25,5,58
-25,5,58
-25,5,58
-25,4,59
-26,4,58
-26,4,59
-26,4,59
-26,4,59
-26,4,59
-25,4,58
-25,4,58
-25,4,58
-25,4,58
-25,4,58
-26,4,59
-26,4,59
-25,5,59
-25,4,59
-25,4,58
-24,4,58
-24,4,58
-25,4,57
-25,3,57
-26,3,58
-25,4,59
-25,4,59
-25,4,59
-25,3,59
-24,4,59
-24,4,58
-25,4,58
-26,4,59
-25,4,59
-25,4,59
-25,5,60
-25,4,59
-24,4,59
-25,4,59
-25,4,59
-25,3,58
-26,3,58
-25,4,58
-25,4,59
-25,4,59
-24,5,60
-23,5,60
-23,5,59
-23,5,59
-23,4,58
-23,3,57
-24,3,57
-24,2,57
-24,3,57
-24,4,58
-23,3,59
-24,3,59
-25,3,59
-26,3,58
-26,2,59
-27,2,60
-26,2,60
-27,1,61
-26,1,61
-25,1,60
-25,1,60
-27,2,60
-25,2,60
-24,2,60
-21,3,60
-20,2,60
-19,3,60
-16,3,61
-16,3,62
-18,3,66
-15,3,68
-15,3,67
-13,3,63
-14,5,62
-10,6,60
-3,2,56
-5,4,54
-15,6,58
-10,7,59
-4,9,61
-6,12,64
-6,11,68
4,4,64
5,2,73
-69,63,41
-35,17,54
-11,-12,61
-9,-2,64
-1,-2,62
-6,-4,62
-9,-1,58
-7,0,54
-8,4,49
-13,4,47
-21,7,45
-17,6,36
-19,5,29
-44,2,12
-62,5,4
-92,8,-1
-91,6,2
-84,6,6
-72,-2,5
-70,-4,1
-69,-7,0
-69,-15,1
-70,-21,-3
-63,-24,-5
-55,-24,2
-59,-40,6
-54,-51,6
-40,-51,13
-30,-49,13
-26,-45,12
-23,-42,13
-23,-43,15
-29,-46,12
-31,-50,17
-30,-54,20
-26,-56,21
-27,-57,23
-27,-58,24
-23,-61,29
-22,-63,31
-26,-69,33
-22,-75,36
-21,-76,35
-27,-83,38
-27,-72,33
-24,-67,28
-16,-68,24
-18,-71,23
-19,-75,20
-17,-72,17
-14,-62,14
-16,-55,15
-18,-53,15
-20,-49,13
-20,-46,12
-20,-42,12
-22,-38,14
-23,-39,14
-24,-42,16
-26,-46,18
-23,-50,24
-20,-50,25
-20,-56,28
-14,-61,35
-8,-59,36
-9,-75,31
-8,-90,29
-6,-77,29
-7,-47,23
-13,-41,18
-18,-46,19
-23,-49,21
-23,-47,21
-23,-47,21
-22,-51,23
-18,-57,26
-18,-66,28
-19,-72,31
-18,-81,31
-18,-86,31
-20,-82,35
-26,-62,23
-25,-65,18
-18,-86,23
-16,-93,25
-11,-79,22
-9,-56,17
-9,-52,17
-12,-46,17
-15,-45,16
-13,-42,16
-13,-38,15
-14,-38,14
-15,-38,14
-16,-38,15
-21,-46,19
-19,-48,21
-22,-54,19
-19,-60,26
-13,-58,32
-11,-74,28
-7,-114,34
-3,-107,37
-6,-68,31
-8,-53,27
-12,-41,22
-16,-40,21
-19,-39,21
-18,-37,22
-17,-38,23
-22,-47,23
-21,-63,27
-20,-72,29
-19,-83,34
-18,-89,33
-17,-91,36
-17,-68,32
-19,-57,24
-20,-74,20
-14,-93,27
-13,-89,26
-11,-62,18
-11,-53,16
-11,-43,18
-11,-40,18
-11,-36,15
-12,-36,14
-12,-38,15
-13,-42,15
-14,-42,14
-21,-50,16
-22,-59,23
-22,-58,23
-24,-69,23
-21,-59,27
-12,-54,26
-19,-90,24
-12,-100,26
2,-76,31
-6,-42,24
-12,-38,20
-17,-37,19
-19,-37,20
-16,-40,22
-22,-48,23
-23,-54,24
-23,-66,28
-21,-74,30
-19,-88,35
-17,-87,31
-18,-90,33
-21,-77,33
-22,-68,26
-22,-77,17
-21,-93,20
-10,-94,20
-6,-62,17
-11,-50,14
-13,-44,14
-15,-37,12
-13,-36,12
-12,-35,10
-12,-37,10
-15,-41,9
-17,-48,10
-18,-54,12
-21,-56,18
-23,-60,17
-22,-74,22
-15,-55,33
-16,-54,29
-19,-93,27
-14,-107,33
-6,-75,36
-9,-41,26
-11,-36,22
-15,-36,19
-17,-36,19
-16,-35,22
-19,-43,24
-22,-49,24
-20,-64,29
-19,-71,31
-17,-86,34
-17,-96,34
-18,-94,35
-21,-72,33
-23,-60,27
-24,-76,20
-19,-98,24
-16,-99,21
-8,-70,15
-8,-58,14
-14,-45,13
-14,-38,11
-13,-37,10
-11,-34,10
-13,-33,11
-18,-36,11
-33,-45,13
-38,-52,14
-42,-51,11
-47,-47,11
-61,-53,9
-58,-38,9
-56,-33,14
-75,-47,6
-83,-59,0
-61,-55,5
-60,-39,6
-59,-29,4
-30,-19,8
-33,-15,10
-36,-13,4
-34,-15,2
-43,-13,1
-49,-15,2
-53,-16,3
-65,-20,0
-68,-26,4
-70,-26,6
-90,-33,0
-80,-35,3
-80,-32,-5
-67,-28,-5
-65,-25,-4
-58,-29,7
-60,-32,12
-50,-33,12
-40,-30,15
-38,-28,14
-35,-22,13
-34,-20,12
-32,-20,9
-31,-21,8
-34,-23,7
-39,-30,7
-41,-34,6
-42,-45,7
-39,-54,8
-37,-61,9
-38,-80,16
-38,-80,20
-29,-72,27
-25,-102,21
-23,-99,18
-8,-69,22
-4,-53,24
-7,-40,20
-12,-37,14
-12,-38,13
-12,-43,17
-13,-47,19
-16,-57,22
-12,-61,25
-9,-64,27
-12,-69,28
-17,-77,28
-16,-93,27
-18,-97,35
-21,-88,35
-24,-64,24
-26,-65,19
-24,-83,20
-14,-88,23
-13,-78,22
-13,-62,16
-16,-57,14
-18,-53,11
-18,-50,9
-16,-49,9
-14,-46,9
-13,-43,10
-13,-39,9
-16,-34,6
-18,-37,8
-19,-41,16
-20,-44,15
-19,-56,20
-14,-61,28
-15,-64,28
-18,-99,29
-21,-111,30
-14,-79,32
5,-54,35
-5,-49,32
-33,-47,11
-25,-47,17
-19,-45,25
-18,-48,27
-20,-52,27
-18,-60,27
-18,-62,26
-23,-72,29
-22,-86,30
-20,-93,32
-21,-94,37
-23,-82,35
-26,-73,23
-26,-93,21
-23,-100,19
-15,-92,21
-13,-81,20
-16,-65,12
-17,-56,10
-16,-52,9
-11,-45,7
-11,-41,8
-9,-36,8
-10,-30,6
-12,-27,6
-19,-30,10
-21,-35,13
-22,-35,15
-31,-51,20
-32,-58,27
-27,-56,28
-26,-58,25
-24,-96,26
-29,-105,33
-21,-85,35
-17,-55,28
-20,-52,24
-24,-47,17
-23,-48,19
-21,-47,21
-19,-48,24
-20,-50,24
-19,-55,23
-21,-61,25
-22,-62,26
-28,-77,29
-27,-93,30
-25,-98,35
-26,-80,34
-27,-71,25
-30,-80,24
-27,-87,27
-18,-91,26
-15,-77,20
-16,-71,18
-18,-61,15
-18,-58,14
-16,-50,10
-15,-44,8
-15,-42,9
-12,-35,9
-11,-31,9
-17,-27,8
-22,-32,12
-22,-33,14
-27,-42,16
-33,-61,24
-30,-62,30
-23,-49,29
-18,-57,27
-26,-97,28
-25,-100,31
-15,-71,31
-18,-57,24
-22,-53,19
-23,-55,13
-21,-54,14
-19,-49,19
-23,-52,20
-24,-55,21
-21,-62,26
-22,-63,29
-31,-72,34
-31,-88,36
-30,-94,39
-29,-92,40
-26,-70,27
-29,-74,24
-28,-93,25
-25,-101,23
-18,-95,19
-12,-77,15
-11,-70,13
-15,-59,10
-16,-55,9
-14,-50,6
-12,-49,6
-11,-46,6
-9,-38,7
-10,-34,8
-12,-27,7
-15,-27,8
-22,-31,14
-25,-45,19
-26,-55,23
-22,-62,32
-27,-60,29
-31,-74,30
-36,-104,33
-31,-98,35
-16,-67,34
-22,-54,27
-28,-52,23
-29,-48,19
-26,-47,20
-19,-44,26
-18,-46,24
-21,-50,23
-23,-57,25
-22,-59,26
-26,-64,27
-27,-77,27
-27,-83,28
-31,-94,37
-30,-90,39
-26,-70,26
-29,-87,29
-26,-97,30
-17,-101,26
-14,-93,24
-15,-74,18
-17,-59,15
-17,-54,14
-14,-46,10
-13,-44,10
-10,-38,10
-9,-30,10
-11,-26,9
-16,-21,9
-18,-23,9
-23,-29,14
-30,-37,18
-32,-48,22
-28,-58,33
-27,-57,30
-23,-71,23
-33,-102,32
-30,-101,39
-14,-72,37
-15,-61,30
-25,-54,23
-30,-49,20
-28,-47,21
-22,-44,24
-20,-44,25
-22,-52,24
-21,-64,26
-19,-67,28
-23,-70,29
-26,-74,30
-25,-81,30
-25,-86,36
-26,-82,38
-27,-65,28
-27,-71,27
-26,-94,30
-16,-105,27
-14,-99,26
-16,-77,22
-18,-70,19
-21,-60,16
-18,-53,13
-17,-49,13
-13,-44,14
-12,-40,10
-9,-26,9
-7,-13,7
-11,-12,7
-16,-20,13
-18,-22,16
-23,-38,17
-28,-59,28
-31,-60,37
-27,-68,33
-25,-87,29
-29,-113,32
-19,-82,39
-22,-70,37
-29,-56,27
-30,-51,24
-20,-48,26
-21,-48,28
-23,-48,28
-25,-46,26
-24,-48,27
-23,-57,29
-26,-64,32
-28,-67,35
-25,-78,37
-20,-82,37
-19,-89,42
-22,-81,40
-19,-69,35
-21,-78,32
-25,-90,32
-23,-107,27
-18,-97,23
-18,-86,20
-22,-68,15
-20,-62,12
-15,-50,9
-9,-41,8
-7,-37,7
-7,-29,5
-8,-27,6
-9,-26,8
-14,-24,8
-18,-25,9
-31,-30,12
-33,-32,15
-41,-48,22
-41,-52,34
-40,-49,32
-35,-71,30
-36,-88,30
-37,-95,37
-26,-80,41
-27,-70,36
-29,-51,28
-28,-48,24
-32,-41,20
-32,-42,26
-28,-43,27
-26,-53,29
-30,-56,29
-34,-58,29
-40,-58,26
-43,-60,25
-44,-71,21
-44,-77,21
-47,-82,22
-47,-71,15
-47,-75,11
-50,-94,13
-49,-107,13
-38,-101,7
-31,-75,4
-28,-66,2
-24,-51,-3
-22,-47,-6
-18,-42,-8
-15,-37,-6
-13,-33,-6
-14,-30,-6
-15,-30,-5
-18,-36,0
-21,-43,9
-23,-44,16
-19,-43,26
-15,-47,27
-14,-69,25
-25,-87,45
-26,-75,52
-25,-80,49
-23,-97,44
-9,-90,36
1,-68,44
-8,-62,42
-25,-56,33
-26,-55,29
-23,-53,28
-25,-50,26
-26,-51,22
-32,-58,13
-34,-61,10
-35,-72,5
-33,-70,6
-35,-70,5
-44,-76,1
-48,-78,-2
-49,-89,-3
-55,-100,0
-53,-91,2
-40,-80,-7
-39,-79,-6
-45,-76,2
-36,-62,-1
-31,-56,-2
-23,-43,0
-22,-38,1
-18,-32,1
-20,-30,1
-21,-30,2
-21,-28,4
-21,-29,6
-26,-33,10
-36,-43,16
-40,-51,20
-32,-56,27
-26,-60,26
-25,-74,28
-32,-73,36
-35,-71,37
-33,-83,34
-23,-86,33
-18,-76,33
-14,-57,31
-16,-55,26
-21,-52,21
-20,-51,20
-16,-47,20
-16,-47,21
-16,-48,21
-17,-52,20
-17,-53,20
-24,-60,21
-27,-74,24
-26,-81,24
-29,-96,27
-31,-98,28
-32,-84,24
-27,-71,18
-28,-71,17
-31,-77,15
-32,-78,12
-28,-74,11
-23,-59,11
-22,-52,11
-22,-42,8
-23,-36,6
-21,-33,6
-17,-29,7
-18,-27,8
-21,-25,9
-27,-29,9
-31,-34,10
-35,-40,16
-40,-48,19
-33,-55,25
-30,-58,27
-29,-55,29
-29,-71,29
-31,-86,32
-26,-86,35
-12,-62,31
-15,-56,28
-29,-53,21
-30,-50,18
-30,-45,17
-26,-42,19
-25,-44,20
-23,-51,22
-23,-54,22
-24,-55,22
-32,-71,22
-32,-82,25
-31,-97,29
-32,-98,33
-31,-74,28
-29,-68,21
-31,-74,23
-30,-85,25
-27,-84,21
-18,-70,18
-14,-54,17
-14,-48,17
-16,-42,11
-17,-41,9
-18,-39,8
-18,-36,9
-19,-34,9
-23,-31,9
-25,-31,8
-30,-35,9
-33,-40,14
-39,-48,16
-35,-57,23
-33,-55,27
-24,-47,28
-24,-81,27
-27,-98,28
-15,-85,37
-8,-70,36
-16,-50,28
-27,-46,20
-26,-44,18
-23,-45,19
-22,-46,19
-23,-51,22
-24,-56,22
-25,-59,22
-26,-70,24
-26,-76,23
-29,-90,25
-31,-88,28
-30,-76,25
-27,-69,15
-28,-78,16
-28,-92,18
-21,-89,17
-16,-83,15
-17,-69,15
-19,-64,15
-18,-53,11
-15,-41,10
-13,-37,9
-11,-29,9
-11,-26,8
-15,-24,9
-22,-30,10
-25,-32,11
-34,-38,13
-36,-44,14
-34,-50,20
-28,-54,23
-22,-55,22
-23,-84,22
-28,-101,26
-26,-90,30
-20,-63,26
-22,-56,23
-27,-51,18
-26,-48,18
-25,-46,18
-24,-47,21
-22,-49,22
-23,-55,22
-26,-59,22
-29,-70,23
-25,-80,21
-25,-86,21
-31,-93,27
-34,-83,29
-30,-68,18
-29,-83,18
-25,-89,19
-20,-89,18
-17,-82,17
-15,-66,13
-18,-56,11
-16,-53,11
-13,-46,8
-13,-41,9
-12,-32,9
-13,-24,8
-16,-22,7
-25,-24,8
-28,-28,10
-36,-38,13
-37,-51,14
-36,-57,19
-31,-57,27
-24,-56,27
-21,-88,23
-30,-106,26
-27,-89,30
-20,-60,29
-21,-54,25
-24,-49,18
-19,-45,17
-19,-44,18
-18,-44,19
-20,-51,20
-18,-54,19
-20,-58,20
-22,-60,22
-25,-73,23
-25,-82,25
-25,-91,28
-25,-79,30
-22,-69,26
-24,-75,23
-25,-83,24
-20,-92,21
-15,-82,20
-14,-75,18
-14,-60,15
-16,-55,13
-17,-47,11
-15,-41,9
-14,-38,8
-15,-33,7
-17,-31,8
-21,-29,8
-26,-36,9
-27,-39,12
-30,-44,15
-29,-52,17
-23,-66,25
-19,-56,28
-16,-55,28
-20,-93,30
-21,-104,28
-12,-77,29
-9,-56,31
-14,-51,29
-20,-46,20
-18,-43,17
-18,-39,19
-19,-44,20
-21,-48,20
-19,-57,21
-18,-61,22
-21,-70,25
-21,-81,24
-21,-85,25
-22,-84,31
-25,-80,31
-24,-64,27
-20,-69,27
-21,-79,27
-17,-97,25
-13,-93,23
-10,-67,21
-18,-59,15
-21,-55,13
-22,-51,11
-19,-50,11
-17,-43,11
-20,-36,12
-21,-32,11
-23,-27,9
-25,-26,9
-29,-28,14
-34,-33,18
-41,-43,21
-32,-50,25
-26,-45,25
-18,-42,28
-25,-77,27
-29,-88,27
-18,-74,32
-15,-68,31
-25,-59,26
-28,-53,22
-23,-49,22
-19,-48,25
-21,-48,26
-21,-49,23
-18,-57,22
-18,-60,22
-22,-69,25
-21,-83,25
-20,-88,26
-22,-90,30
-25,-84,29
-26,-65,21
-25,-75,23
-23,-81,24
-20,-85,20
-17,-82,19
-15,-68,19
-15,-62,19
-17,-54,14
-18,-50,11
-17,-49,11
-14,-44,11
-14,-40,11
-19,-34,10
-24,-30,10
-26,-32,10
-27,-38,15
-29,-44,17
-32,-48,19
-31,-54,27
-29,-51,30
-19,-57,26
-24,-90,27
-25,-91,30
-17,-67,33
-14,-58,30
-19,-51,23
-24,-47,18
-22,-46,19
-21,-44,22
-21,-46,22
-20,-52,23
-20,-55,24
-20,-59,24
-26,-69,26
-26,-76,27
-23,-83,28
-26,-84,32
-29,-82,32
-29,-62,24
-28,-62,21
-27,-79,23
-21,-89,24
-19,-85,22
-16,-69,19
-18,-64,18
-20,-56,15
-18,-48,12
-17,-46,11
-15,-41,10
-15,-38,10
-16,-33,9
-19,-30,8
-22,-30,8
-26,-35,14
-26,-35,15
-34,-47,18
-31,-51,27
-30,-50,29
-21,-56,29
-21,-72,28
-26,-99,33
-18,-75,35
-16,-62,31
-23,-53,22
-27,-51,21
-22,-46,19
-20,-46,21
-21,-48,22
-21,-54,21
-21,-56,22
-20,-59,22
-25,-69,26
-25,-74,27
-23,-85,29
-23,-88,32
-26,-81,32
-25,-63,24
-25,-67,24
-23,-78,25
-21,-84,23
-16,-87,20
-14,-74,19
-15,-66,18
-17,-55,15
-19,-51,14
-19,-47,12
-16,-39,11
-17,-35,11
-16,-26,10
-18,-23,10
-25,-26,11
-29,-33,14
-30,-34,17
-33,-45,19
-30,-48,21
-27,-51,30
-20,-49,26
-20,-62,23
-29,-96,26
-29,-94,31
-12,-72,35
-16,-57,25
-22,-55,23
-24,-49,21
-20,-47,22
-19,-46,23
-19,-49,23
-19,-53,23
-16,-59,24
-17,-60,25
-21,-68,26
-21,-79,27
-21,-82,28
-25,-84,32
-26,-81,33
-22,-66,25
-20,-73,26
-23,-80,27
-21,-90,22
-18,-89,20
-14,-72,19
-15,-58,17
-17,-55,16
-17,-52,13
-16,-50,12
-14,-45,11
-11,-35,8
-12,-30,7
-18,-22,7
-23,-22,8
-29,-26,14
-33,-34,17
-36,-44,19
-33,-59,26
-31,-60,30
-18,-58,27
-22,-97,20
-26,-105,27
-10,-81,32
-7,-68,28
-23,-54,24
-23,-50,21
-19,-47,21
-18,-43,22
-18,-45,22
-14,-52,21
-15,-57,21
-18,-59,22
-24,-65,24
-25,-70,26
-25,-82,29
-24,-88,32
-27,-86,34
-26,-69,30
-24,-64,26
-23,-76,26
-21,-93,25
-18,-96,23
-14,-80,21
-14,-71,18
-17,-59,12
-21,-52,10
-19,-49,10
-14,-43,9
-13,-39,9
-15,-34,9
-15,-27,5
-18,-25,6
-27,-27,12
-27,-30,15
-32,-38,18
-32,-58,25
-30,-62,31
-24,-54,33
-20,-57,31
-25,-87,28
-27,-87,32
-23,-75,33
-20,-60,29
-21,-55,24
-26,-50,18
-24,-46,18
-23,-46,20
-21,-47,22
-20,-49,21
-21,-58,22
-20,-65,24
-22,-67,25
-27,-73,27
-27,-81,27
-24,-89,34
-23,-81,36
-23,-72,29
-24,-78,25
-24,-83,26
-18,-90,22
-15,-83,19
-16,-78,17
-19,-72,14
-19,-69,13
-21,-63,11
-20,-56,11
-20,-51,10
-17,-38,9
-17,-26,8
-19,-22,8
-22,-18,9
-22,-17,12
-22,-16,13
-25,-17,13
-34,-28,20
-31,-44,24
-30,-49,23
-27,-62,29
-23,-61,30
-20,-72,30
-21,-98,25
-23,-101,28
-19,-83,35
-19,-73,33
-27,-65,23
-24,-59,22
-22,-57,23
-19,-49,25
-18,-48,24
-18,-49,22
-15,-50,22
-14,-52,22
-18,-58,22
-19,-62,22
-19,-66,24
-16,-73,26
-16,-74,25
-26,-80,29
-30,-86,36
-26,-83,34
-18,-78,25
-21,-83,24
-24,-95,26
-21,-85,21
-20,-78,18
-23,-67,16
-25,-64,14
-24,-58,14
-21,-52,14
-19,-47,12
-16,-35,9
-17,-29,10
-17,-21,11
-17,-19,11
-22,-18,11
-25,-19,15
-27,-23,17
-33,-41,25
-33,-49,34
-36,-43,35
-24,-43,29
-25,-59,25
-27,-87,35
-21,-75,40
-18,-66,35
-31,-65,23
-36,-65,20
-32,-58,21
-26,-56,22
-25,-56,23
-23,-57,25
-21,-59,26
-24,-61,29
-28,-59,34
-29,-59,37
-32,-67,38
-32,-74,38
-34,-85,43
-31,-83,35
-31,-75,27
-38,-86,19
-38,-96,19
-34,-102,15
-30,-87,6
-29,-80,3
-30,-71,2
-28,-67,0
-26,-56,-5
-30,-52,-4
-31,-50,-3
-31,-44,-1
-32,-41,0
-31,-37,4
-28,-32,8
-28,-29,9
-30,-24,14
-30,-27,18
-24,-32,23
-25,-39,29
-25,-33,33
-31,-37,33
-32,-49,32
-27,-64,39
-12,-62,41
-8,-61,38
-12,-69,31
-14,-70,29
-9,-71,26
-4,-64,24
-3,-62,22
-7,-63,24
-9,-66,24
-10,-66,25
-14,-64,24
-18,-63,23
-23,-63,22
-25,-65,19
-28,-73,15
-36,-82,14
-41,-86,13
-39,-78,-2
-32,-79,-7
-33,-89,-6
-34,-92,2
-31,-87,-3
-32,-81,-8
-35,-77,-6
-34,-70,-8
-34,-67,-4
-32,-61,0
-29,-49,0
-25,-43,-1
-20,-31,-4
-23,-26,-1
-26,-28,3
-23,-35,12
-21,-44,21
-19,-48,21
-18,-54,23
-23,-55,30
-25,-53,28
-22,-55,23
-27,-72,22
-27,-72,30
-23,-67,31
-21,-63,28
-25,-62,25
-29,-62,25
-25,-60,30
-24,-58,32
-24,-57,30
-24,-57,28
-26,-55,27
-28,-56,27
-31,-61,27
-30,-74,30
-27,-81,30
-31,-95,32
-31,-88,29
-29,-79,22
-32,-81,13
-35,-87,15
-24,-95,18
-16,-81,14
-18,-74,12
-20,-62,10
-18,-57,9
-17,-46,6
-15,-35,6
-15,-32,6
-14,-25,6
-19,-23,5
-21,-22,8
-21,-31,16
-22,-34,18
-33,-47,23
-34,-54,25
-30,-58,31
-29,-48,26
-31,-55,25
-35,-83,31
-31,-84,33
-15,-66,33
-21,-62,28
-29,-63,24
-36,-58,20
-33,-55,22
-24,-53,26
-25,-50,25
-26,-50,24
-25,-51,24
-26,-54,24
-32,-68,29
-28,-84,31
-27,-93,34
-28,-93,37
-28,-82,32
-25,-71,24
-25,-79,24
-25,-82,23
-19,-84,19
-16,-81,17
-15,-67,14
-18,-58,12
-19,-55,11
-20,-49,9
-20,-45,8
-19,-37,9
-19,-28,9
-20,-26,9
-23,-22,10
-27,-24,13
-29,-32,18
-34,-43,23
-35,-48,24
-29,-51,29
-30,-51,31
-30,-51,28
-30,-76,27
-31,-84,30
-18,-68,36
-13,-61,33
-19,-54,24
-32,-53,19
-29,-53,20
-25,-51,22
-22,-51,23
-18,-53,23
-18,-55,24
-19,-56,24
-26,-60,25
-30,-68,26
-30,-86,28
-28,-92,34
-29,-88,35
-29,-66,26
-29,-65,23
-29,-75,24
-22,-81,23
-20,-78,20
-20,-69,16
-21,-66,15
-22,-59,13
-22,-53,10
-20,-51,9
-19,-42,8
-18,-38,9
-19,-31,8
-21,-25,8
-24,-27,9
-27,-34,12
-29,-38,15
-34,-52,22
-28,-54,33
-24,-48,31
-19,-59,25
-24,-76,26
-27,-82,35
-14,-62,32
-16,-58,29
-27,-54,21
-32,-52,18
-31,-49,18
-26,-48,20
-24,-50,20
-27,-55,21
-27,-56,22
-27,-59,25
-31,-72,29
-30,-80,29
-32,-90,31
-35,-86,34
-34,-74,29
-35,-70,23
-39,-76,24
-38,-87,24
-30,-85,20
-27,-78,19
-26,-66,17
-25,-60,15
-23,-52,10
-20,-47,8
-18,-43,8
-13,-30,8
-14,-24,7
-15,-18,6
-17,-16,7
-25,-22,11
-28,-27,16
-34,-36,20
-34,-48,27
-32,-52,27
-28,-53,27
-26,-77,26
-30,-90,29
-24,-84,38
-18,-69,33
-21,-62,28
-32,-56,20
-32,-53,19
-24,-50,21
-24,-50,24
-24,-50,23
-23,-53,23
-22,-55,24
-26,-63,26
-29,-77,26
-29,-84,26
-32,-93,32
-31,-88,33
-27,-66,21
-33,-77,24
-32,-85,26
-24,-92,21
-22,-90,19
-21,-76,19
-23,-62,15
-23,-57,13
-22,-52,11
-20,-50,11
-19,-42,10
-14,-31,9
-13,-23,8
-19,-14,6
-23,-14,7
-28,-20,11
-33,-27,14
-40,-35,17
-43,-45,26
-37,-44,28
-22,-43,26
-24,-77,29
-29,-90,34
-18,-83,40
-13,-76,37
-19,-61,26
-30,-52,19
-31,-51,18
-28,-50,20
-27,-51,21
-24,-53,23
-24,-57,23
-24,-58,22
-30,-70,25
-30,-77,26
-27,-87,28
-29,-92,34
-27,-84,31
-26,-66,19
-28,-69,19
-31,-82,22
-23,-87,19
-18,-84,17
-18,-74,16
-19,-67,16
-20,-56,13
-21,-48,11
-20,-44,10
-23,-36,7
-20,-32,8
-11,-23,10
-19,-21,9
-26,-23,10
-27,-29,14
-30,-32,14
-35,-44,18
-35,-55,28
-37,-56,33
-25,-52,26
-18,-62,23
-26,-88,28
-20,-82,37
-13,-75,34
-18,-58,26
-23,-54,24
-27,-50,21
-23,-46,20
-22,-46,21
-23,-47,22
-25,-49,21
-23,-55,21
-25,-60,25
-26,-64,27
-27,-77,27
-27,-84,30
-27,-92,35
-23,-70,25
-23,-66,22
-29,-75,25
-27,-82,24
-20,-90,19
-16,-78,17
-18,-70,17
-20,-58,15
-20,-54,12
-21,-44,8
-18,-37,9
-16,-32,8
-15,-22,7
-18,-19,8
-22,-19,9
-27,-26,10
-31,-31,13
-33,-37,16
-34,-43,19
-31,-55,24
-26,-53,28
-21,-53,27
-23,-86,24
-28,-100,26
-20,-95,33
-12,-75,30
-15,-64,28
-23,-53,21
-22,-48,20
-20,-42,19
-23,-44,20
-23,-46,21
-22,-53,22
-21,-56,22
-25,-65,25
-26,-76,25
-23,-81,24
-23,-82,27
-28,-77,29
-26,-65,25
-23,-59,20
-25,-67,21
-28,-92,22
-25,-98,21
-18,-90,21
-18,-70,19
-21,-62,17
-24,-52,11
-23,-47,10
-18,-39,10
-12,-30,9
-11,-26,7
-12,-22,6
-16,-24,6
-21,-33,11
-23,-37,15
-23,-42,16
-22,-59,23
-23,-64,26
-24,-57,27
-22,-75,25
-27,-102,27
-21,-106,35
-12,-92,35
-15,-68,30
-28,-56,22
-29,-52,20
-27,-46,17
-24,-43,17
-23,-44,21
-23,-49,22
-24,-51,22
-27,-62,24
-28,-69,25
-25,-77,24
-28,-85,27
-31,-84,27
-27,-72,24
-25,-67,21
-26,-78,20
-26,-95,23
-23,-95,21
-18,-81,19
-17,-74,18
-21,-63,16
-22,-52,12
-22,-46,11
-19,-36,10
-16,-31,10
-15,-23,10
-19,-18,8
-22,-18,8
-30,-26,13
-30,-27,15
-36,-37,16
-36,-46,22
-34,-50,26
-31,-48,25
-26,-54,24
-27,-89,29
-23,-92,39
-14,-80,36
-18,-62,26
-26,-58,23
-34,-54,19
-25,-50,20
-22,-48,21
-22,-48,21
-24,-50,21
-24,-55,20
-25,-60,22
-27,-66,25
-27,-83,27
-26,-91,30
-27,-87,33
-32,-72,28
-31,-63,24
-29,-66,21
-27,-75,22
-20,-86,20
-16,-80,18
-16,-72,17
-18,-62,13
-20,-59,11
-20,-54,9
-18,-48,8
-17,-44,8
-15,-35,9
-16,-32,8
-20,-30,7
-27,-36,10
-28,-36,14
-29,-41,17
-27,-47,23
-25,-49,26
-20,-48,27
-20,-56,28
-23,-95,32
-18,-95,35
-14,-78,35
-16,-55,28
-20,-54,24
-25,-50,20
-24,-47,21
-23,-45,21
-23,-47,23
-23,-50,23
-23,-58,22
-25,-60,23
-26,-62,24
-26,-70,25
-25,-74,24
-30,-86,28
-32,-91,33
-24,-72,28
-22,-75,22
-25,-81,23
-19,-88,24
-14,-79,21
-14,-73,20
-14,-64,17
-13,-58,16
-15,-52,15
-16,-45,14
-16,-43,14
-15,-38,13
-15,-34,13
-18,-26,12
-24,-23,13
-28,-25,13
-32,-32,16
-35,-39,19
-38,-53,23
-20,-54,29
-17,-54,25
-23,-76,26
-29,-91,29
-17,-91,33
-6,-65,26
-11,-57,25
-31,-52,17
-33,-50,14
-27,-48,17
-20,-46,21
-18,-46,22
-24,-54,21
-25,-58,21
-20,-65,25
-24,-68,29
-24,-74,30
-22,-83,32
-25,-89,35
-27,-80,37
-25,-59,27
-26,-63,24
-30,-84,26
-27,-94,27
-14,-83,23
-13,-67,19
-16,-63,16
-22,-57,13
-21,-53,12
-16,-46,10
-14,-38,12
-15,-34,12
-17,-26,10
-19,-23,9
-26,-25,8
-32,-29,15
-35,-32,18
-35,-45,24
-30,-47,31
-19,-53,39
-9,-56,34
-10,-71,32
-21,-94,34
-22,-85,35
-19,-60,28
-25,-54,19
-29,-53,17
-27,-49,17
-26,-49,17
-27,-51,20
-30,-55,20
-32,-57,20
-34,-58,23
-37,-60,25
-37,-71,29
-35,-84,30
-35,-85,33
-37,-77,32
-36,-68,26
-36,-70,18
-28,-84,20
-24,-89,21
-17,-80,21
-14,-73,19
-20,-64,14
-25,-58,12
-24,-55,12
-22,-49,10
-22,-45,11
-22,-37,11
-22,-28,10
-21,-24,10
-24,-28,12
-25,-30,15
-25,-31,17
-35,-42,22
-34,-46,28
-24,-37,27
-18,-37,26
-20,-64,27
-26,-85,34
-21,-82,35
-19,-73,32
-25,-69,30
-36,-62,23
-29,-57,26
-25,-54,28
-26,-52,30
-28,-52,30
-27,-55,32
-28,-57,33
-32,-60,34
-33,-66,32
-32,-71,30
-33,-82,28
-44,-84,23
-41,-74,20
-34,-73,8
-36,-84,4
-40,-103,0
-27,-87,5
-21,-79,2
-29,-67,0
-36,-65,-1
-35,-60,-6
-27,-51,-4
-26,-46,-3
-27,-36,-2
-24,-33,-2
-22,-30,-1
-22,-30,2
-23,-30,5
-25,-29,15
-29,-33,20
-27,-53,25
-13,-54,38
-4,-46,36
-7,-58,33
-19,-76,35
-31,-82,41
-17,-73,38
-7,-73,40
-23,-69,30
-17,-66,34
-25,-64,33
-25,-60,31
-22,-58,29
-18,-59,26
-16,-60,23
-17,-63,18
-26,-63,13
-30,-63,12
-32,-70,8
-32,-74,5
-33,-79,3
-44,-78,6
-46,-72,2
-42,-80,-10
-41,-86,-8
-39,-90,3
-30,-79,4
-27,-72,5
-29,-61,9
-29,-55,6
-27,-43,1
-21,-39,0
-17,-35,0
-19,-29,1
-22,-28,2
-26,-27,2
-35,-33,5
-42,-39,9
-35,-47,17
-27,-46,30
-25,-44,37
-13,-51,39
-9,-66,37
-20,-88,36
-23,-84,37
-26,-69,35
-20,-59,26
-19,-58,24
-23,-56,26
-23,-54,27
-22,-51,24
-21,-51,23
-21,-51,23
-19,-53,22
-18,-52,22
-25,-57,23
-26,-71,27
-23,-76,25
-25,-88,26
-30,-90,30
-32,-80,29
-23,-69,20
-20,-68,19
-24,-80,20
-18,-78,19
-16,-74,17
-11,-64,16
-12,-60,15
-15,-54,13
-15,-46,10
-15,-41,9
-15,-32,8
-16,-29,8
-19,-31,10
-22,-35,11
-24,-43,16
-29,-55,19
-24,-57,21
-18,-56,29
-15,-55,27
-16,-65,20
-25,-88,30
-27,-86,34
-20,-63,32
-18,-52,26
-19,-50,23
-26,-49,21
-26,-48,22
-27,-49,24
-25,-53,25
-26,-57,25
-26,-57,25
-28,-60,26
-30,-70,28
-27,-85,28
-26,-91,31
-26,-85,34
-25,-76,29
-25,-76,19
-25,-82,19
-23,-83,19
-18,-74,18
-17,-68,16
-16,-59,13
-17,-52,11
-17,-48,10
-17,-41,8
-16,-38,8
-15,-31,7
-17,-26,8
-20,-27,8
-25,-37,12
-27,-42,16
-28,-53,17
-22,-60,24
-22,-62,30
-20,-60,27
-20,-70,27
-28,-99,33
-18,-74,32
-10,-58,28
-9,-49,22
-15,-51,21
-26,-51,21
-25,-48,23
-20,-48,24
-14,-49,23
-12,-50,21
-18,-52,17
-26,-56,20
-30,-63,24
-30,-81,25
-28,-92,27
-30,-101,36
-24,-76,24
-23,-71,22
-27,-82,28
-29,-90,25
-23,-88,17
-16,-74,18
-15,-67,19
-17,-56,15
-17,-52,12
-16,-47,11
-17,-40,9
-18,-35,8
-24,-29,4
-25,-25,1
-25,-18,-1
-28,-22,2
-31,-23,4
-38,-30,9
-43,-39,10
-46,-54,15
-35,-53,22
-27,-57,28
-26,-94,28
-30,-100,30
-24,-72,32
-18,-53,25
-19,-52,22
-21,-52,21
-22,-51,21
-24,-48,19
-27,-50,20
-26,-53,22
-22,-56,21
-25,-59,22
-29,-62,23
-30,-75,27
-28,-82,28
-28,-90,35
-26,-87,35
-30,-80,28
-31,-75,22
-31,-77,20
-24,-82,20
-20,-80,18
-13,-70,16
-15,-64,16
-18,-61,14
-20,-57,9
-18,-55,8
-16,-46,9
-16,-35,8
-17,-30,8
-21,-23,9
-23,-21,8
-27,-23,8
-31,-31,15
-33,-37,18
-37,-54,23
-38,-59,25
-33,-61,24
-30,-61,22
-30,-74,24
-31,-88,30
-25,-79,30
-15,-59,27
-21,-53,22
-26,-53,19
-29,-50,17
-29,-50,18
-24,-48,21
-20,-49,21
-21,-52,20
-24,-55,19
-25,-56,20
-28,-67,24
-26,-79,26
-26,-85,27
-27,-80,31
-31,-80,30
-32,-73,25
-26,-72,22
-26,-74,23
-23,-79,21
-22,-78,19
-19,-70,17
-19,-61,15
-22,-58,13
-22,-52,10
-21,-48,8
-18,-41,9
-17,-34,9
-18,-31,8
-20,-27,8
-22,-27,8
-27,-32,11
-31,-40,15
-36,-49,18
-31,-59,25
-29,-56,28
-22,-47,27
-25,-78,28
-29,-95,31
-20,-87,35
-11,-72,34
-13,-55,28
-24,-52,20
-27,-51,17
-27,-46,17
-25,-44,19
-22,-45,22
-20,-51,22
-19,-54,21
-21,-61,22
-24,-66,22
-27,-78,23
-28,-87,26
-30,-88,29
-33,-84,31
-29,-71,22
-26,-68,21
-30,-76,24
-31,-80,22
-25,-79,17
-22,-74,16
-21,-64,16
-22,-56,13
-22,-52,10
-21,-46,6
-19,-42,7
-18,-34,8
-20,-28,8
-21,-27,7
-27,-31,10
-29,-35,14
-31,-41,16
-32,-50,23
-30,-47,28
-25,-43,23
-22,-48,23
-27,-78,29
-24,-87,37
-17,-78,35
-14,-63,26
-17,-59,24
-28,-58,20
-28,-52,21
-28,-50,22
-23,-47,22
-23,-49,22
-22,-56,23
-25,-62,24
-29,-67,26
-28,-77,28
-27,-83,29
-29,-91,33
-28,-73,30
-27,-66,25
-28,-67,26
-28,-71,25
-26,-78,22
-20,-77,20
-18,-72,18
-17,-62,17
-18,-59,13
-21,-54,11
-21,-48,9
-19,-44,11
-18,-33,11
-15,-21,7
-16,-17,5
-27,-20,6
-32,-25,10
-38,-38,14
-39,-51,15
-35,-64,28
-22,-51,25
-14,-54,23
-24,-91,24
-27,-93,32
-15,-69,33
-13,-56,27
-18,-55,24
-25,-54,19
-22,-52,19
-23,-42,23
-25,-49,22
-24,-56,22
-15,-64,22
-20,-63,27
-25,-66,25
-27,-71,23
-23,-76,23
-31,-83,31
-25,-81,22
-22,-70,18
-25,-77,29
-25,-84,28
-20,-93,14
-17,-82,17
-16,-72,18
-18,-57,14
-18,-54,11
-20,-53,7
-19,-52,6
-20,-41,8
-23,-23,12
-26,-20,13
-29,-23,12
-26,-31,13
-26,-33,17
-27,-34,24
-30,-42,22
-33,-53,22
-34,-54,30
-24,-63,26
-20,-83,12
-23,-79,16
-27,-72,29
-22,-68,22
-21,-58,19
-24,-51,18
-25,-53,20
-24,-51,23
-23,-48,24
-23,-50,25
-24,-57,24
-22,-58,24
-25,-62,24
-34,-71,30
-32,-74,29
-30,-76,34
-30,-78,39
-24,-83,34
-20,-87,20
-28,-92,22
-22,-101,25
-16,-97,19
-16,-77,13
-19,-69,8
-18,-63,8
-16,-52,4
-13,-46,5
-15,-40,6
-14,-36,6
-15,-34,6
-16,-24,6
-17,-20,6
-24,-16,9
-31,-27,17
-32,-38,20
-26,-58,25
-25,-60,33
-21,-65,32
-30,-108,22
-38,-111,25
-26,-79,32
-19,-64,30
-18,-56,19
-23,-44,20
-25,-41,18
-30,-37,19
-31,-40,22
-28,-51,23
-25,-61,25
-25,-60,26
-29,-58,25
-31,-60,25
-25,-71,26
-21,-87,25
-26,-85,28
-37,-89,23
-34,-84,21
-26,-75,26
-18,-80,23
-16,-80,20
-12,-79,13
-13,-70,15
-16,-65,11
-11,-57,4
-11,-51,5
-11,-37,8
-11,-30,9
-15,-23,10
-23,-19,15
-25,-20,17
-27,-29,15
-30,-35,17
-27,-47,21
-20,-65,22
-20,-68,26
-21,-63,26
-18,-79,21
-26,-112,19
-18,-92,28
-10,-79,29
-15,-56,25
-21,-52,21
-26,-45,16
-19,-36,19
-18,-33,22
-18,-32,21
-20,-36,20
-23,-54,23
-23,-70,29
-23,-72,32
-22,-85,30
-25,-89,29
-33,-88,36
-21,-71,27
-18,-66,22
-25,-79,25
-29,-92,24
-19,-111,21
-11,-85,19
-13,-74,19
-18,-59,16
-16,-54,15
-18,-46,9
-20,-38,5
-23,-37,3
-22,-27,0
-21,-17,3
-20,-16,5
-24,-17,7
-29,-19,8
-37,-29,10
-38,-35,10
-40,-51,16
-30,-54,26
-18,-55,30
-13,-89,31
-24,-99,31
-35,-85,29
-26,-65,24
-27,-58,21
-34,-54,19
-34,-53,20
-28,-51,24
-26,-52,31
-27,-55,31
-30,-56,31
-33,-56,32
-35,-60,33
-32,-71,31
-32,-79,29
-36,-88,30
-40,-90,28
-39,-81,13
-43,-91,4
-39,-96,5
-33,-92,0
-27,-80,1
-24,-71,4
-31,-63,2
-31,-58,-2
-26,-45,-5
-27,-43,-3
-30,-39,0
-33,-34,1
-33,-32,1
-34,-28,1
-34,-25,2
-37,-21,11
-37,-19,21
-35,-23,21
-24,-29,33
-20,-24,33
-10,-25,30
-25,-65,34
-27,-77,40
-16,-78,41
-15,-78,38
-14,-73,31
-15,-70,29
-15,-67,31
-15,-62,35
-11,-60,35
-10,-59,36
-9,-60,34
-11,-61,32
-19,-60,26
-22,-61,23
-25,-67,16
-30,-72,3
-36,-84,2
-40,-81,7
-38,-69,-5
-34,-80,-17
-40,-99,-5
-39,-100,-5
-29,-88,-5
-27,-84,-3
-31,-74,-4
-30,-61,-4
-26,-54,-2
-19,-40,0
-23,-35,2
-26,-36,3
-25,-39,1
-26,-41,2
-29,-47,7
-30,-50,9
-30,-50,15
-26,-48,19
-24,-51,20
-18,-56,22
-15,-54,23
-22,-60,26
-26,-78,27
-28,-87,25
-23,-84,27
-18,-75,28
-18,-60,28
-20,-55,27
-21,-53,26
-25,-50,24
-27,-50,23
-26,-53,24
-22,-55,24
-22,-54,22
-26,-62,22
-24,-74,23
-21,-78,21
-27,-92,23
-31,-97,25
-28,-88,16
-21,-78,10
-22,-78,10
-26,-83,11
-27,-82,9
-20,-73,6
-17,-66,6
-15,-54,8
-19,-47,8
-20,-44,8
-19,-36,7
-18,-27,8
-18,-21,8
-22,-17,8
-27,-19,8
-37,-35,13
-39,-54,16
-33,-58,17
-30,-63,31
-28,-60,34
-21,-62,26
-23,-80,26
-24,-82,30
-18,-70,29
-15,-61,26
-18,-54,20
-22,-52,18
-23,-52,18
-23,-50,20
-22,-49,20
-23,-50,21
-25,-54,22
-25,-58,22
-24,-61,25
-25,-62,27
-25,-71,26
-27,-74,26
-31,-78,28
-30,-80,29
-25,-72,23
-21,-72,23
-26,-89,25
-22,-96,22
-14,-92,18
-12,-81,18
-15,-65,17
-20,-55,15
-21,-50,13
-17,-43,9
-15,-40,9
-14,-32,9
-17,-24,8
-20,-21,9
-25,-23,9
-28,-28,10
-35,-37,14
-33,-54,22
-30,-62,24
-25,-60,25
-21,-56,26
-23,-81,28
-25,-97,33
-18,-84,32
-13,-58,27
-18,-52,25
-29,-49,19
-27,-47,17
-25,-45,18
-21,-43,21
-21,-46,21
-21,-55,21
-21,-63,23
-25,-67,24
-27,-79,25
-27,-86,25
-27,-89,30
-29,-76,28
-30,-71,23
-29,-76,24
-27,-79,25
-23,-82,23
-21,-78,19
-20,-73,19
-18,-62,18
-18,-58,17
-16,-52,15
-25,-47,9
-26,-47,8
-24,-37,8
-22,-32,7
-21,-23,4
-26,-23,6
-30,-25,6
-33,-29,8
-38,-36,9
-39,-47,16
-35,-48,23
-28,-47,25
-22,-69,28
-22,-82,31
-14,-77,36
-9,-60,29
-15,-59,26
-31,-58,20
-32,-56,19
-29,-52,19
-23,-50,22
-22,-52,23
-21,-55,23
-22,-56,22
-28,-60,23
-29,-76,25
-27,-84,26
-29,-90,31
-30,-87,32
-28,-71,20
-31,-75,20
-28,-77,23
-19,-79,20
-16,-76,18
-15,-66,14
-16,-57,14
-17,-53,13
-19,-46,11
-19,-44,9
-19,-40,8
-18,-34,9
-19,-31,9
-23,-31,9
-26,-34,11
-29,-42,15
-31,-49,18
-31,-53,19
-32,-61,27
-29,-57,30
-20,-57,32
-21,-82,33
-21,-82,32
-14,-62,29
-13,-54,27
-22,-48,20
-25,-47,16
-24,-47,16
-22,-48,19
-21,-48,19
-22,-54,20
-23,-58,22
-23,-61,23
-24,-68,26
-25,-75,26
-25,-85,28
-30,-90,32
-29,-81,31
-28,-74,22
-28,-78,22
-25,-86,22
-20,-86,20
-17,-79,19
-17,-66,15
-19,-62,14
-18,-53,12
-19,-43,9
-18,-39,7
-17,-28,6
-17,-23,6
-18,-15,6
-26,-19,6
-30,-24,9
-39,-35,18
-37,-40,18
-32,-55,20
-31,-62,26
-28,-58,28
-19,-76,31
-22,-92,29
-26,-88,31
-17,-66,28
-17,-57,24
-22,-48,19
-25,-47,18
-26,-44,16
-24,-42,17
-23,-44,18
-22,-53,22
-21,-58,23
-22,-62,24
-26,-75,27
-26,-82,27
-28,-91,30
-30,-94,33
-28,-76,28
-27,-72,20
-29,-75,21
-24,-79,20
-22,-77,18
-19,-68,14
-19,-60,10
-19,-57,10
-20,-51,9
-20,-42,8
-19,-38,8
-20,-31,8
-20,-27,8
-22,-22,8
-26,-22,8
-30,-26,9
-35,-33,16
-38,-36,18
-34,-47,22
-32,-58,26
-25,-66,35
-13,-79,36
-13,-98,32
-22,-94,30
-20,-78,28
-20,-52,23
-25,-46,16
-25,-45,14
-23,-40,13
-21,-40,15
-21,-43,17
-21,-51,19
-21,-55,19
-22,-62,22
-28,-73,26
-30,-79,27
-26,-91,30
-25,-93,33
-25,-80,31
-27,-73,22
-27,-72,22
-23,-74,23
-22,-76,21
-18,-72,17
-19,-61,13
-20,-57,13
-21,-50,12
-21,-46,10
-18,-40,9
-18,-35,9
-26,-34,7
-27,-32,5
-26,-29,5
-25,-28,7
-37,-32,11
-40,-33,15
-41,-48,15
-34,-55,16
-31,-60,25
-23,-59,31
-21,-75,28
-28,-91,19
-23,-78,23
-6,-56,24
-17,-49,17
-27,-49,15
-32,-48,16
-28,-48,17
-22,-48,21
-18,-55,24
-18,-57,24
-21,-60,27
-25,-63,28
-30,-74,30
-26,-85,32
-25,-90,34
-29,-85,34
-29,-79,29
-27,-77,21
-28,-87,19
-27,-88,17
-22,-75,14
-20,-67,11
-21,-59,5
-23,-55,4
-24,-53,4
-23,-49,3
-23,-45,3
-23,-40,3
-23,-33,3
-23,-29,3
-26,-28,5
-28,-31,7
-31,-31,14
-35,-38,21
-37,-44,24
-32,-47,30
-29,-45,31
-19,-53,35
-24,-88,38
-23,-87,40
-10,-63,34
-12,-58,29
-27,-57,24
-31,-53,21
-29,-51,20
-26,-51,22
-23,-51,23
-23,-55,23
-25,-58,23
-25,-60,24
-25,-69,26
-23,-73,25
-25,-74,23
-37,-88,30
-34,-82,31
-22,-69,20
-21,-76,19
-23,-93,21
-16,-83,22
-14,-72,21
-17,-61,16
-26,-57,15
-26,-54,15
-23,-47,15
-22,-44,14
-25,-37,15
-26,-34,16
-25,-26,16
-27,-21,15
-30,-21,15
-33,-23,19
-33,-23,19
-40,-34,24
-41,-48,28
-37,-44,29
-28,-42,30
-25,-49,29
-25,-66,26
-20,-64,28
-16,-59,27
-20,-57,20
-25,-57,17
-34,-56,18
-28,-56,19
-25,-55,21
-25,-57,21
-26,-59,20
-28,-62,22
-29,-63,25
-31,-64,26
-31,-72,28
-29,-74,29
-32,-84,34
-33,-74,32
-32,-65,25
-33,-70,16
-33,-76,19
-20,-88,20
-17,-81,19
-18,-74,17
-25,-66,13
-26,-64,11
-25,-58,9
-23,-52,7
-23,-49,6
-20,-39,9
-20,-32,10
-22,-22,10
-28,-20,12
-29,-20,14
-34,-20,18
-34,-21,21
-40,-33,23
-34,-44,23
-34,-47,30
-26,-39,30
-22,-43,28
-27,-70,24
-33,-75,29
-23,-69,31
-18,-63,28
-22,-63,25
-33,-66,23
-35,-67,20
-33,-66,23
-17,-58,29
-13,-54,30
-16,-51,27
-21,-58,27
-19,-62,28
-17,-64,24
-19,-65,21
-35,-77,15
-47,-86,10
-47,-79,3
-49,-80,-14
-51,-90,-16
-43,-99,-6
-32,-79,-6
-36,-75,-5
-47,-83,-3
-46,-82,-8
-38,-65,-12
-38,-57,-8
-36,-51,-5
-37,-37,-2
-36,-32,-4
-28,-17,-5
-36,-9,3
-37,-13,9
-35,-19,17
-41,-29,20
-30,-39,20
-22,-39,30
-22,-33,32
-23,-37,27
-30,-49,27
-28,-59,33
-12,-53,35
-10,-53,32
-14,-61,30
-20,-65,31
-28,-72,36
-26,-70,33
-22,-68,32
-13,-61,28
-13,-58,26
-16,-55,27
-21,-57,23
-25,-58,21
-28,-64,16
-30,-70,14
-32,-85,12
-53,-86,15
-53,-73,11
-34,-75,5
-30,-85,9
-25,-98,16
-16,-87,13
-14,-80,12
-19,-68,9
-20,-63,9
-24,-53,5
-22,-43,4
-20,-38,5
-22,-34,5
-21,-31,3
-26,-30,5
-25,-30,12
-25,-31,14
-23,-36,18
-36,-50,22
-35,-48,24
-26,-44,24
-20,-51,25
-15,-70,28
-25,-93,39
-24,-92,42
-16,-74,30
-16,-68,24
-19,-63,24
-21,-60,24
-22,-56,22
-21,-51,21
-19,-50,20
-16,-53,22
-16,-54,21
-20,-60,21
-27,-74,25
-25,-78,26
-23,-85,27
-31,-92,33
-28,-79,31
-24,-65,21
-23,-68,21
-20,-80,21
-13,-83,19
-11,-78,19
-11,-66,17
-13,-62,15
-18,-58,12
-22,-53,11
-22,-50,11
-22,-43,11
-24,-38,10
-25,-26,9
-29,-24,9
-31,-26,10
-30,-29,13
-29,-32,14
-31,-44,21
-28,-47,23
-30,-51,21
-34,-74,20
-35,-78,24
-22,-64,31
-13,-57,31
-17,-57,28
-26,-58,23
-26,-57,24
-24,-56,28
-22,-53,25
-24,-55,23
-29,-58,22
-30,-60,23
-32,-67,27
-30,-75,28
-29,-82,28
-33,-92,36
-30,-83,35
-28,-72,24
-31,-80,24
-27,-84,24
-20,-84,22
-16,-80,20
-18,-66,19
-21,-58,16
-21,-58,14
-21,-55,10
-21,-52,10
-19,-43,12
-18,-30,12
-18,-25,10
-23,-19,10
-26,-20,11
-29,-24,15
-32,-33,18
-39,-43,21
-38,-51,30
-33,-46,27
-18,-54,26
-25,-83,28
-28,-86,32
-16,-68,34
-14,-63,28
-27,-58,16
-43,-53,11
-39,-52,13
-11,-52,25
-6,-53,27
-10,-59,27
-22,-61,25
-24,-63,28
-26,-71,34
-27,-77,35
-26,-87,36
-27,-86,37
-27,-79,34
-29,-68,23
-31,-69,22
-32,-78,20
-26,-86,16
-22,-85,16
-19,-75,16
-19,-71,15
-20,-63,9
-20,-61,6
-19,-59,6
-18,-49,5
-20,-43,6
-23,-33,5
-22,-24,5
-24,-23,6
-27,-20,11
-30,-20,13
-39,-33,17
-48,-42,19
-45,-38,18
-30,-45,19
-26,-58,22
-24,-73,33
-12,-64,35
-12,-61,32
-25,-61,25
-34,-61,22
-35,-56,20
-27,-53,22
-26,-54,22
-28,-60,22
-28,-61,22
-29,-61,24
-31,-69,26
-30,-73,27
-28,-81,30
-31,-81,32
-34,-75,30
-31,-73,21
-30,-77,22
-25,-84,23
-23,-84,23
-16,-79,19
-17,-70,16
-18,-66,14
-19,-57,12
-19,-53,11
-18,-46,9
-17,-40,9
-16,-36,9
-17,-28,8
-18,-25,8
-24,-27,8
-28,-32,12
-32,-37,13
-32,-48,19
-31,-53,25
-22,-52,27
-16,-69,27
-21,-90,30
-21,-97,36
-12,-68,30
-16,-57,27
-30,-55,20
-34,-53,16
-32,-49,16
-28,-45,18
-23,-44,21
-26,-49,20
-27,-53,21
-26,-59,23
-27,-64,24
-29,-78,27
-26,-88,29
-27,-88,30
-30,-74,27
-30,-65,23
-30,-65,22
-27,-75,24
-24,-77,24
-17,-77,21
-14,-73,20
-15,-65,18
-17,-57,15
-18,-54,13
-18,-48,10
-17,-45,8
-14,-38,8
-14,-29,9
-16,-27,8
-21,-31,9
-23,-33,10
-27,-41,13
-28,-58,19
-29,-67,23
-24,-63,28
-19,-63,28
-24,-97,30
-19,-87,31
-12,-69,29
-12,-50,24
-20,-50,21
-31,-48,15
-29,-43,15
-27,-44,19
-25,-50,26
-23,-56,26
-23,-63,23
-26,-64,24
-27,-66,26
-23,-70,25
-23,-72,24
-33,-77,26
-35,-69,24
-32,-65,20
-27,-75,22
-27,-82,23
-22,-87,22
-16,-73,20
-16,-66,19
-19,-57,17
-21,-54,15
-22,-47,11
-20,-40,9
-20,-36,10
-20,-31,11
-20,-28,9
-22,-31,9
-27,-41,14
-28,-43,16
-26,-54,18
-21,-61,27
-19,-54,30
-16,-52,29
-18,-71,28
-22,-92,33
-17,-79,33
-12,-58,28
-24,-56,23
-30,-55,20
-29,-49,18
-26,-47,20
-24,-46,22
-26,-53,22
-27,-57,22
-27,-62,24
-29,-73,27
-30,-78,27
-32,-88,29
-33,-89,32
-29,-74,31
-27,-64,24
-28,-69,23
-26,-80,22
-23,-83,23
-17,-78,22
-15,-69,18
-16,-65,17
-20,-58,13
-20,-56,12
-18,-49,10
-17,-40,12
-16,-35,12
-18,-28,10
-20,-26,9
-26,-30,11
-29,-32,16
-32,-36,18
-37,-48,24
-33,-46,26
-21,-42,24
-15,-65,28
-20,-83,32
-18,-81,36
-13,-69,32
-18,-58,26
-33,-57,20
-35,-57,18
-31,-53,19
-28,-52,21
-26,-54,23
-29,-58,22
-29,-60,22
-31,-68,26
-31,-75,27
-26,-79,26
-32,-85,31
-35,-83,31
-32,-68,24
-30,-70,22
-28,-84,24
-21,-93,24
-15,-89,23
-10,-73,19
-12,-67,17
-17,-59,12
-18,-52,9
-16,-49,8
-13,-43,8
-12,-39,8
-14,-31,9
-17,-26,8
-21,-26,8
-27,-30,11
-29,-32,13
-38,-49,17
-37,-52,25
-35,-45,25
-26,-49,26
-24,-69,25
-26,-97,30
-14,-75,33
-14,-68,31
-27,-62,23
-37,-59,19
-38,-52,19
-25,-44,22
-22,-42,22
-25,-47,21
-27,-51,21
-27,-61,23
-28,-69,26
-29,-73,26
-30,-78,24
-31,-81,25
-35,-77,28
-31,-63,24
-29,-62,19
-31,-75,19
-31,-82,20
-26,-84,17
-21,-73,12
-21,-71,11
-23,-67,9
-23,-63,9
-24,-54,6
-24,-48,5
-28,-46,5
-32,-39,3
-33,-37,0
-37,-34,-1
-36,-27,1
-36,-23,1
-44,-26,2
-48,-33,2
-56,-34,13
-36,-18,14
-29,-18,14
-37,-45,19
-42,-54,24
-28,-53,31
-15,-49,32
-19,-53,28
-29,-60,24
-32,-62,28
-28,-61,38
-24,-60,35
-25,-62,33
-23,-69,26
-22,-71,24
-22,-64,20
-24,-56,15
-24,-55,12
-28,-58,4
-32,-63,1
-50,-77,10
-55,-75,-5
-54,-85,-17
-46,-106,-14
-36,-103,-9
-15,-80,-4
-24,-69,-4
-30,-67,-5
-41,-63,-6
-40,-64,-7
-36,-63,-7
-34,-58,-4
-33,-55,-4
-32,-46,-4
-31,-44,-3
-31,-42,0
-30,-39,4
-29,-37,6
-28,-40,11
-28,-38,16
-30,-39,27
-20,-41,27
-15,-47,24
-11,-55,29
-13,-59,34
-18,-63,36
-20,-64,32
-21,-64,31
-24,-63,27
-25,-63,27
-27,-62,27
-25,-61,28
-24,-60,28
-23,-58,27
-23,-56,25
-29,-60,24
-32,-73,23
-30,-77,23
-28,-81,26
-29,-81,26
-31,-75,24
-29,-67,17
-28,-69,16
-28,-81,16
-26,-84,16
-21,-79,14
-18,-67,13
-19,-63,12
-23,-57,10
-23,-54,9
-21,-46,7
-19,-39,7
-18,-34,7
-21,-26,7
-23,-27,7
-27,-33,9
-31,-38,13
-34,-44,15
-32,-47,19
-32,-49,22
-25,-47,24
-21,-68,28
-26,-87,32
-22,-81,35
-15,-68,30
-17,-58,22
-32,-58,20
-34,-57,19
-25,-50,19
-23,-49,20
-22,-50,23
-21,-56,22
-23,-57,21
-28,-67,23
-30,-75,25
-26,-85,25
-27,-85,30
-29,-79,29
-33,-70,22
-35,-70,20
-32,-75,21
-26,-80,20
-24,-79,20
-19,-72,19
-21,-64,15
-22,-60,14
-25,-55,10
-25,-53,9
-24,-46,9
-20,-37,10
-15,-30,9
-16,-20,9
-20,-20,10
-25,-25,13
-25,-27,14
-31,-39,18
-28,-46,27
-26,-48,29
-16,-58,28
-17,-77,29
-25,-98,38
-16,-73,39
-16,-63,34
-24,-56,24
-33,-53,18
-32,-51,18
-27,-49,20
-26,-50,21
-26,-54,21
-27,-58,21
-28,-61,21
-31,-74,24
-29,-77,24
-31,-84,26
-34,-78,30
-32,-70,30
-30,-62,23
-31,-68,21
-29,-84,23
-18,-85,24
-12,-77,23
-11,-66,19
-15,-63,17
-20,-56,13
-21,-52,9
-18,-44,9
-16,-37,9
-18,-34,9
-19,-29,8
-24,-32,9
-27,-33,11
-28,-36,14
-33,-43,16
-29,-50,23
-22,-47,27
-17,-49,28
-20,-83,28
-24,-97,32
-20,-78,38
-16,-57,29
-19,-53,23
-26,-50,19
-24,-51,19
-21,-48,21
-21,-51,23
-21,-55,23
-22,-59,22
-22,-60,22
-27,-67,26
-26,-74,25
-27,-80,25
-33,-85,32
-31,-81,31
-23,-73,20
-25,-83,23
-25,-88,25
-20,-87,21
-17,-81,19
-19,-72,18
-20,-63,16
-21,-60,14
-22,-54,13
-22,-49,11
-21,-41,12
-19,-31,10
-19,-26,9
-25,-22,9
-26,-24,9
-27,-24,11
-30,-24,12
-35,-32,13
-38,-47,18
-38,-48,22
-28,-44,25
-20,-67,22
-23,-81,24
-23,-81,36
-19,-74,38
-18,-68,30
-27,-63,24
-29,-62,23
-28,-58,24
-26,-56,25
-24,-53,25
-24,-53,24
-24,-54,23
-24,-56,24
-26,-57,24
-30,-65,25
-26,-80,26
-25,-86,27
-30,-89,29
-31,-78,27
-29,-62,21
-27,-71,23
-25,-77,22
-22,-84,20
-21,-84,19
-20,-76,19
-21,-65,16
-22,-61,13
-22,-53,10
-21,-49,10
-16,-41,10
-14,-31,9
-14,-27,8
-16,-23,8
-17,-24,9
-22,-31,12
-27,-37,15
-29,-43,17
-27,-56,24
-25,-66,30
-20,-68,29
-20,-94,29
-24,-107,31
-22,-88,30
-20,-71,27
-18,-56,23
-23,-51,17
-23,-49,16
-20,-45,17
-19,-44,19
-20,-48,22
-24,-57,21
-25,-60,21
-27,-66,25
-30,-71,28
-27,-77,30
-24,-84,31
-25,-85,35
-28,-76,34
-29,-68,28
-29,-72,19
-26,-87,17
-21,-88,20
-16,-80,21
-15,-75,19
-19,-68,14
-24,-62,12
-24,-59,11
-18,-52,8
-14,-47,7
-9,-33,5
-11,-21,5
-14,-19,7
-24,-24,11
-25,-29,13
-24,-41,20
-18,-55,25
-13,-61,27
-11,-62,33
-14,-58,31
-25,-71,26
-33,-98,29
-26,-92,31
-13,-63,30
-12,-58,27
-26,-57,18
-33,-55,16
-33,-51,17
-26,-47,25
-21,-48,26
-18,-55,24
-22,-59,25
-24,-60,25
-29,-67,28
-29,-73,28
-29,-83,29
-30,-81,34
-30,-76,32
-28,-65,23
-29,-71,21
-26,-83,23
-17,-85,23
-13,-79,21
-14,-70,15
-16,-66,14
-20,-61,11
-18,-54,8
-17,-51,7
-15,-44,7
-14,-39,9
-16,-31,9
-21,-29,10
-23,-32,11
-25,-35,15
-25,-38,17
-31,-49,23
-25,-55,29
-24,-52,29
-21,-57,27
-24,-73,28
-25,-88,34
-10,-65,30
-11,-58,28
-27,-56,22
-32,-55,19
-32,-54,18
-24,-51,22
-22,-51,23
-25,-54,22
-28,-56,21
-30,-58,22
-30,-65,26
-28,-69,27
-24,-73,27
-29,-78,30
-37,-86,36
-29,-72,27
-26,-69,23
-25,-78,25
-24,-82,26
-17,-76,22
-12,-65,18
-13,-62,17
-17,-56,16
-18,-53,15
-17,-48,13
-16,-43,12
-17,-40,11
-18,-33,12
-19,-30,12
-20,-27,11
-27,-34,15
-28,-37,18
-32,-43,20
-34,-51,22
-25,-60,27
-18,-58,30
-18,-59,29
-24,-81,29
-26,-84,27
-21,-73,25
-15,-57,22
-19,-55,20
-27,-53,14
-28,-51,13
-25,-50,15
-21,-50,20
-20,-51,20
-25,-58,21
-26,-60,24
-20,-65,32
-16,-73,36
-23,-78,31
-34,-83,34
-41,-81,35
-37,-73,31
-36,-62,21
-36,-64,18
-33,-78,18
-29,-81,14
-27,-76,11
-28,-66,8
-31,-62,6
-34,-56,3
-35,-55,1
-34,-54,3
-34,-44,6
-38,-39,7
-40,-35,8
-39,-27,8
-39,-24,8
-41,-19,11
-43,-18,12
-47,-23,15
-41,-26,15
-38,-22,19
-36,-12,19
-37,-15,17
-43,-31,17
-40,-36,20
-38,-36,21
-37,-38,23
-39,-43,21
-38,-49,21
-33,-55,24
-31,-57,25
-35,-67,25
-38,-73,25
-26,-75,29
-15,-64,26
-15,-60,25
-21,-56,20
-24,-59,12
-28,-68,11
-24,-65,9
-25,-64,10
-33,-64,0
-36,-72,-7
-46,-79,-5
-37,-74,-2
-32,-67,-7
-40,-61,-9
-45,-65,-7
-49,-68,-9
-47,-66,-7
-47,-65,-6
-47,-66,-6
-47,-62,-3
-48,-57,0
-47,-56,-2
-47,-53,-1
-41,-48,3
-40,-45,4
-34,-41,5
-33,-41,7
-31,-38,8
-25,-27,11
-23,-23,11
-23,-26,13
-29,-36,17
-27,-38,20
-22,-40,24
-22,-45,25
-21,-52,26
-23,-55,28
-28,-58,30
-30,-63,35
-29,-63,36
-29,-63,34
-30,-63,32
-30,-62,32
-36,-62,30
-39,-66,27
-40,-72,27
-36,-74,28
-38,-77,27
-44,-75,27
-41,-70,25
-32,-60,18
-32,-66,19
-33,-72,20
-29,-75,17
-27,-72,16
-24,-64,16
-25,-59,13
-25,-56,12
-23,-53,12
-22,-49,13
-22,-43,14
-22,-37,11
-23,-35,11
-28,-35,14
-29,-37,15
-29,-42,16
-33,-47,20
-35,-51,22
-26,-41,22
-21,-39,24
-22,-57,24
-33,-72,22
-35,-67,23
-29,-55,22
-25,-53,20
-27,-57,22
-29,-58,24
-29,-58,24
-29,-56,23
-29,-57,23
-31,-59,22
-33,-59,23
-34,-65,25
-35,-78,27
-33,-83,28
-37,-90,35
-32,-70,27
-30,-64,22
-30,-71,25
-29,-78,26
-25,-82,23
-21,-72,21
-22,-67,19
-23,-59,15
-24,-55,12
-21,-45,11
-19,-38,10
-17,-35,9
-17,-26,10
-17,-23,9
-24,-24,10
-32,-29,13
-33,-30,14
-39,-41,16
-38,-48,21
-39,-48,35
-30,-48,22
-28,-65,17
-35,-89,24
-28,-82,31
-10,-61,26
-24,-58,20
-31,-57,17
-35,-54,15
-33,-52,15
-25,-48,17
-25,-51,21
-27,-55,22
-33,-61,26
-36,-70,30
-36,-80,29
-34,-94,29
-32,-92,33
-32,-72,24
-32,-67,17
-33,-77,12
-27,-84,16
-22,-80,16
-14,-68,13
-15,-65,11
-20,-61,11
-22,-55,11
-22,-51,9
-18,-42,8
-15,-36,6
-12,-27,6
-14,-24,8
-19,-27,10
-29,-39,13
-33,-43,16
-35,-55,20
-24,-66,25
-24,-68,29
-20,-55,31
-19,-58,29
-25,-87,29
-21,-78,31
-13,-63,30
-13,-51,23
-19,-51,20
-29,-54,14
-27,-52,17
-22,-50,19
-18,-51,22
-17,-52,22
-21,-58,20
-31,-65,22
-33,-70,25
-29,-77,28
-26,-81,29
-25,-86,32
-35,-76,28
-35,-67,24
-25,-63,23
-22,-68,24
-23,-81,24
-21,-81,20
-19,-77,19
-18,-70,18
-19,-66,17
-26,-61,13
-21,-54,9
-16,-48,9
-15,-34,9
-15,-28,10
-19,-20,9
-24,-23,10
-26,-26,12
-29,-32,16
-33,-40,19
-34,-54,23
-31,-54,29
-26,-49,29
-17,-61,26
-26,-89,32
-26,-91,37
-16,-72,33
-16,-64,28
-28,-59,21
-35,-55,16
-33,-52,16
-25,-48,19
-24,-47,20
-26,-48,20
-26,-51,20
-28,-57,21
-33,-71,25
-35,-78,27
-31,-85,29
-31,-89,33
-34,-86,32
-33,-63,25
-33,-60,22
-32,-68,19
-31,-85,20
-29,-85,20
-23,-75,18
-22,-71,17
-26,-65,15
-25,-59,12
-22,-55,11
-13,-44,13
-11,-37,11
-21,-21,7
-28,-20,4
-29,-20,3
-29,-21,6
-31,-23,10
-41,-40,20
-34,-49,23
-31,-48,22
-30,-45,24
-30,-54,26
-30,-74,28
-22,-70,31
-18,-65,31
-25,-64,24
-33,-65,20
-44,-63,16
-28,-58,23
-22,-55,26
-19,-55,26
-23,-56,25
-28,-58,25
-35,-63,26
-35,-69,27
-32,-83,29
-32,-89,31
-32,-85,32
-29,-63,23
-30,-63,20
-31,-78,20
-28,-86,21
-15,-82,22
-6,-69,20
-8,-65,18
-15,-62,15
-17,-60,14
-18,-57,15
-14,-54,16
-12,-50,14
-16,-36,10
-18,-30,8
-25,-24,9
-29,-25,10
-30,-24,11
-36,-36,15
-42,-48,18
-31,-53,25
-15,-50,23
-12,-62,23
-22,-94,28
-25,-94,32
-16,-67,29
-24,-57,21
-33,-58,18
-36,-58,16
-32,-57,16
-25,-53,20
-23,-53,23
-25,-54,23
-29,-56,22
-32,-59,22
-33,-72,24
-32,-87,28
-33,-93,31
-31,-83,31
-28,-70,24
-28,-69,18
-28,-83,19
-25,-87,20
-18,-79,21
-15,-75,19
-16,-68,16
-19,-63,14
-18,-59,12
-16,-51,11
-15,-46,10
-14,-37,8
-15,-27,7
-16,-25,7
-21,-29,9
-23,-32,11
-24,-33,14
-28,-48,18
-26,-57,21
-21,-62,25
-19,-59,26
-20,-78,30
-30,-100,35
-25,-87,34
-15,-60,28
-18,-59,27
-29,-58,21
-34,-56,18
-32,-52,19
-25,-45,21
-25,-46,22
-29,-52,20
-30,-56,20
-31,-60,22
-30,-75,25
-27,-80,24
-26,-84,27
-34,-81,30
-32,-70,27
-30,-62,21
-29,-68,21
-29,-89,26
-17,-85,26
-12,-77,24
-13,-66,21
-16,-63,19
-22,-57,15
-20,-50,12
-17,-46,12
-14,-36,12
-14,-31,12
-18,-24,10
-21,-22,11
-23,-25,11
-26,-27,13
-30,-34,15
-30,-48,20
-24,-57,25
-20,-58,25
-16,-85,30
-20,-105,33
-21,-88,31
-18,-63,24
-23,-61,23
-35,-59,16
-35,-56,15
-28,-51,18
-25,-47,20
-26,-49,19
-30,-54,19
-29,-56,21
-30,-62,23
-31,-77,27
-29,-84,27
-30,-88,31
-32,-84,32
-31,-62,24
-30,-65,23
-29,-71,24
-26,-81,23
-22,-82,22
-19,-76,20
-22,-71,18
-26,-68,17
-30,-61,14
-33,-58,13
-34,-52,13
-36,-42,13
-34,-37,13
-32,-26,11
-30,-23,11
-29,-17,12
-28,-10,12
-30,-11,12
-35,-18,13
-41,-24,19
-40,-17,20
-36,-20,16
-36,-28,19
-36,-41,29
-31,-43,31
-20,-45,33
-27,-56,31
-33,-61,32
-39,-69,34
-38,-72,38
-39,-76,42
-27,-68,35
-26,-65,33
-31,-61,31
-34,-58,27
-40,-55,21
-36,-63,18
-35,-71,16
-32,-80,13
-29,-63,0
-25,-63,-6
-35,-73,-5
-38,-76,1
-34,-71,2
-34,-67,0
-42,-65,-4
-47,-68,-3
-47,-70,-3
-45,-71,-2
-47,-73,-1
-46,-74,2
-42,-71,2
-41,-68,2
-41,-62,1
-37,-49,0
-35,-44,1
-35,-40,4
-34,-40,4
-31,-34,8
-29,-23,11
-30,-23,11
-31,-31,15
-33,-34,18
-26,-34,23
-19,-34,26
-20,-38,28
-25,-45,31
-25,-48,33
-26,-58,36
-22,-67,40
-20,-69,40
-14,-67,35
-16,-66,32
-24,-67,31
-28,-67,30
-31,-69,24
-30,-75,20
-32,-77,23
-37,-75,26
-37,-66,17
-32,-49,11
-36,-63,11
-38,-74,14
-30,-82,14
-23,-76,14
-23,-74,14
-28,-71,12
-31,-70,10
-31,-65,8
-29,-56,7
-27,-51,7
-23,-39,7
-21,-34,4
-26,-31,2
-31,-43,11
-29,-46,12
-23,-51,16
-20,-52,19
-18,-51,28
-17,-42,29
-15,-39,25
-18,-55,22
-22,-68,24
-21,-76,31
-17,-67,29
-20,-65,26
-30,-62,22
-32,-61,20
-28,-57,21
-23,-55,22
-24,-55,22
-28,-55,21
-29,-53,20
-32,-55,21
-32,-68,26
-31,-75,28
-25,-84,30
-26,-86,32
-28,-76,33
-28,-57,22
-28,-58,20
-31,-75,19
-31,-85,19
-25,-84,20
-20,-73,19
-20,-69,17
-24,-62,14
-25,-58,13
-23,-50,10
-18,-41,8
-17,-36,9
-18,-26,9
-18,-22,9
-22,-24,9
-25,-28,12
-27,-31,13
-34,-44,20
-29,-48,22
-23,-51,30
-12,-51,28
-12,-66,26
-23,-102,31
-24,-96,32
-22,-70,28
-30,-60,24
-32,-57,20
-31,-56,19
-28,-54,21
-24,-48,22
-26,-49,20
-29,-50,19
-32,-53,18
-34,-57,18
-34,-78,25
-24,-84,27
-22,-86,27
-31,-81,29
-34,-72,25
-34,-55,19
-28,-61,21
-27,-69,22
-25,-81,21
-23,-83,20
-18,-76,19
-17,-65,17
-19,-61,14
-20,-53,10
-20,-50,9
-17,-42,7
-14,-35,8
-14,-31,8
-19,-29,8
-21,-31,9
-25,-34,12
-32,-49,16
-30,-57,19
-26,-61,29
-22,-56,30
-14,-73,29
-20,-99,35
-17,-87,36
-11,-57,30
-16,-52,21
-22,-52,18
-27,-49,15
-29,-48,15
-26,-50,19
-24,-52,20
-23,-56,20
-27,-62,20
-31,-71,22
-32,-82,24
-29,-85,24
-28,-89,31
-31,-74,30
-31,-63,24
-28,-70,19
-27,-78,20
-20,-87,23
-15,-79,22
-14,-74,20
-16,-66,16
-19,-62,14
-20,-55,10
-16,-46,8
-15,-42,8
-15,-32,8
-16,-28,6
-20,-26,5
-28,-32,9
-28,-31,11
-34,-39,13
-37,-45,15
-33,-53,25
-22,-49,28
-15,-56,30
-17,-91,36
-20,-92,38
-14,-69,30
-18,-60,25
-25,-60,23
-33,-55,20
-33,-52,20
-26,-48,21
-22,-47,23
-23,-49,21
-26,-53,20
-29,-57,21
-30,-72,26
-24,-82,25
-25,-86,26
-31,-83,31
-33,-73,28
-32,-61,19
-30,-73,20
-28,-80,23
-23,-80,24
-19,-75,22
-17,-64,18
-22,-56,15
-23,-53,13
-22,-45,9
-20,-42,8
-20,-37,7
-30,-32,5
-29,-31,7
-27,-29,10
-28,-29,13
-30,-29,18
-37,-38,22
-40,-44,26
-33,-49,28
-25,-48,26
-15,-62,26
-19,-89,34
-20,-87,34
-17,-68,26
-19,-62,23
-28,-58,18
-31,-54,16
-31,-51,16
-26,-49,17
-24,-50,18
-24,-54,18
-25,-57,18
-27,-59,19
-29,-68,25
-27,-73,24
-29,-88,27
-32,-87,34
-31,-77,29
-28,-72,21
-28,-79,24
-26,-80,25
-19,-77,22
-16,-72,20
-15,-64,17
-19,-55,15
-20,-51,12
-16,-41,8
-16,-37,7
-20,-33,9
-22,-32,9
-24,-32,6
-25,-36,8
-27,-39,11
-29,-42,13
-31,-49,13
-31,-58,16
-31,-55,23
-25,-50,23
-19,-78,26
-21,-96,34
-16,-85,35
-10,-59,32
-15,-53,28
-28,-49,19
-30,-45,15
-27,-43,16
-24,-42,18
-25,-44,19
-26,-53,21
-26,-60,22
-26,-66,23
-27,-78,24
-27,-77,22
-32,-84,25
-34,-76,30
-33,-67,26
-31,-70,19
-31,-79,19
-25,-91,23
-14,-80,24
-11,-72,23
-16,-64,17
-19,-61,14
-21,-56,12
-17,-49,11
-14,-46,11
-13,-39,11
-14,-34,10
-17,-28,8
-23,-31,8
-26,-33,9
-27,-33,11
-32,-39,12
-38,-53,21
-34,-50,27
-26,-49,25
-16,-82,28
-22,-100,33
-17,-82,36
-16,-57,26
-22,-53,23
-37,-52,15
-37,-51,14
-29,-50,17
-23,-49,22
-23,-50,23
-26,-53,21
-27,-55,20
-32,-66,21
-29,-79,22
-27,-81,22
-35,-82,29
-39,-80,31
-36,-63,20
-29,-76,19
-29,-82,21
-24,-89,24
-20,-83,23
-15,-69,19
-20,-60,16
-21,-57,13
-20,-49,10
-18,-46,9
-14,-41,8
-13,-34,10
-14,-31,11
-19,-27,9
-22,-29,7
-30,-34,11
-33,-41,13
-35,-46,15
-33,-53,26
-31,-51,27
-19,-61,29
-24,-97,35
-25,-98,38
-13,-74,34
-13,-63,31
-23,-52,24
-33,-48,17
-36,-45,15
-36,-40,15
-33,-40,16
-29,-46,19
-27,-60,21
-28,-66,21
-31,-76,23
-30,-81,25
-28,-82,26
-34,-81,35
-34,-72,34
-31,-58,23
-30,-63,21
-29,-83,22
-21,-90,26
-15,-84,26
-12,-69,22
-15,-64,19
-22,-55,12
-22,-45,10
-20,-40,10
-15,-32,8
-14,-27,9
-17,-22,10
-20,-23,10
-22,-26,10
-26,-35,14
-30,-39,18
-30,-47,19
-27,-60,24
-27,-65,29
-24,-65,32
-21,-75,32
-23,-109,35
-16,-87,33
-11,-67,29
-17,-53,23
-23,-51,19
-33,-46,13
-30,-43,13
-27,-43,17
-22,-49,21
-22,-54,21
-23,-57,19
-28,-63,20
-30,-69,22
-28,-79,24
-27,-85,26
-33,-88,31
-32,-71,25
-29,-66,21
-28,-73,21
-29,-79,22
-24,-81,21
-17,-74,18
-17,-68,16
-19,-59,15
-21,-55,13
-21,-49,10
-18,-43,8
-17,-40,9
-15,-30,9
-16,-26,8
-19,-23,7
-27,-27,10
-28,-29,12
-36,-45,14
-36,-52,19
-34,-67,31
-16,-64,29
-12,-76,29
-19,-98,33
-19,-86,34
-15,-56,28
-24,-49,20
-29,-49,18
-33,-49,15
-31,-48,16
-26,-48,20
-26,-53,21
-28,-55,21
-30,-57,22
-31,-58,21
-33,-70,25
-30,-83,27
-30,-88,29
-35,-87,32
-34,-77,27
-31,-70,19
-31,-75,21
-28,-80,21
-20,-81,19
-17,-77,18
-16,-66,16
-20,-60,13
-20,-56,12
-18,-48,9
-15,-39,8
-15,-35,8
-16,-27,9
-18,-24,10
-22,-26,11
-25,-31,11
-27,-36,16
-31,-48,21
-29,-53,23
-39,-57,26
-40,-54,24
-33,-69,23
-30,-92,30
-22,-86,34
-7,-62,31
-12,-55,27
-28,-53,20
-35,-52,15
-33,-50,15
-24,-48,20
-22,-49,22
-25,-54,21
-29,-57,20
-31,-59,21
-32,-71,26
-31,-76,26
-30,-84,28
-35,-81,31
-33,-72,30
-30,-62,20
-30,-68,19
-31,-83,21
-23,-83,22
-19,-77,20
-16,-68,16
-19,-64,15
-22,-56,12
-21,-48,10
-20,-45,10
-19,-38,10
-20,-30,10
-22,-28,9
-27,-29,11
-28,-32,12
-30,-34,15
-35,-41,20
-36,-46,21
-36,-53,24
-34,-48,26
-26,-49,29
-24,-75,30
-23,-77,30
-15,-63,31
-13,-58,29
-22,-57,24
-30,-58,22
-36,-57,22
-28,-55,24
-27,-56,26
-25,-58,28
-29,-57,27
-31,-57,27
-34,-62,28
-32,-67,29
-28,-78,27
-32,-84,26
-36,-85,26
-36,-68,16
-34,-70,8
-35,-84,5
-27,-84,9
-24,-79,9
-20,-67,7
-20,-65,5
-29,-63,5
-35,-62,4
-35,-59,3
-38,-52,2
-41,-50,3
-43,-46,5
-41,-40,8
-40,-35,9
-34,-23,10
-32,-19,11
-35,-18,15
-32,-20,16
-32,-21,19
-35,-15,21
-40,-18,20
-48,-32,19
-42,-39,23
-34,-40,25
-24,-42,29
-23,-45,29
-22,-49,29
-27,-59,29
-29,-64,32
-28,-74,35
-23,-75,34
-14,-70,30
-13,-66,28
-16,-67,27
-23,-64,24
-25,-65,22
-28,-63,17
-32,-69,13
-37,-76,14
-41,-65,14
-38,-59,6
-31,-68,-3
-36,-82,5
-35,-82,8
-30,-74,5
-27,-70,4
-32,-65,3
-36,-61,1
-36,-58,1
-38,-57,0
-39,-57,0
-35,-52,0
-31,-45,3
-30,-42,4
-32,-41,6
-32,-41,7
-29,-40,9
-27,-35,15
-29,-36,18
-30,-40,21
-28,-37,22
-20,-39,23
-17,-59,26
-18,-68,28
-14,-70,33
-11,-69,32
-16,-69,27
-27,-66,24
-31,-63,23
-28,-57,21
-26,-55,22
-24,-55,22
-25,-53,22
-27,-53,22
-32,-58,22
-32,-64,24
-26,-79,26
-25,-87,29
-28,-87,29
-31,-72,23
-30,-64,18
-29,-67,17
-27,-79,18
-25,-84,17
-21,-84,16
-21,-80,16
-21,-72,15
-26,-65,13
-26,-62,12
-23,-54,9
-21,-49,9
-17,-35,10
-18,-24,8
-20,-20,7
-27,-22,7
-29,-24,9
-32,-26,11
-39,-35,15
-37,-38,16
-37,-41,22
-30,-40,24
-14,-51,24
-16,-88,32
-20,-96,39
-16,-79,33
-15,-70,26
-26,-61,20
-36,-59,18
-34,-57,18
-27,-54,20
-25,-54,22
-24,-55,22
-29,-56,20
-32,-57,20
-33,-68,23
-32,-76,24
-31,-88,27
-31,-82,29
-29,-73,24
-28,-72,17
-28,-75,18
-25,-81,20
-21,-78,17
-20,-73,14
-20,-66,13
-21,-63,13
-21,-55,11
-20,-49,9
-20,-44,8
-19,-36,8
-18,-31,9
-20,-26,7
-25,-29,7
-28,-32,8
-32,-34,11
-37,-39,12
-41,-49,19
-34,-47,27
-25,-42,25
-13,-66,24
-19,-89,28
-19,-89,36
-16,-65,27
-23,-59,23
-37,-55,14
-36,-54,14
-29,-53,16
-24,-51,19
-24,-52,21
-25,-54,22
-27,-54,21
-32,-63,19
-33,-75,23
-31,-78,22
-34,-83,25
-37,-83,27
-32,-67,23
-28,-66,17
-27,-72,18
-28,-84,20
-26,-83,19
-22,-73,16
-19,-64,14
-21,-60,13
-22,-52,10
-22,-47,9
-20,-41,8
-21,-35,8
-21,-33,8
-22,-31,8
-25,-34,10
-27,-37,14
-28,-39,16
-31,-45,19
-25,-49,25
-22,-50,27
-18,-45,28
-21,-65,27
-27,-84,29
-21,-87,34
-13,-76,30
-13,-61,26
-29,-59,20
-35,-58,17
-34,-53,16
-25,-48,20
-23,-49,22
-25,-51,21
-27,-52,20
-29,-58,21
-30,-73,25
-27,-78,25
-30,-87,28
-34,-86,31
-31,-67,27
-29,-65,23
-27,-77,24
-22,-89,25
-17,-88,24
-10,-74,22
-11,-68,20
-16,-60,15
-19,-54,11
-19,-51,9
-16,-44,9
-14,-36,9
-15,-32,9
-15,-25,8
-17,-25,8
-22,-27,11
-25,-30,13
-25,-38,15
-25,-61,27
-22,-70,31
-12,-89,35
-18,-125,37
-17,-107,34
-8,-64,28
-8,-55,26
-19,-50,19
-32,-45,10
-33,-42,9
-30,-37,15
-27,-39,20
-26,-47,21
-28,-60,19
-28,-64,20
-30,-71,24
-31,-76,26
-31,-82,27
-34,-87,31
-33,-80,31
-30,-65,23
-31,-71,23
-30,-83,25
-21,-85,24
-18,-80,23
-17,-71,18
-18,-67,16
-21,-61,12
-20,-56,10
-18,-53,9
-18,-46,8
-18,-42,8
-14,-31,7
-11,-25,5
-12,-25,4
-19,-31,8
-19,-34,10
-26,-45,13
-38,-63,23
-38,-64,26
-26,-71,22
-22,-90,25
-27,-104,35
-13,-70,34
-12,-60,32
-27,-56,27
-31,-53,25
-27,-43,21
-22,-38,20
-24,-41,21
-27,-49,21
-28,-55,19
-32,-62,21
-33,-72,26
-31,-78,26
-27,-84,24
-31,-85,29
-34,-79,30
-30,-73,22
-27,-79,21
-24,-89,21
-21,-93,21
-15,-82,20
-15,-68,14
-16,-64,12
-19,-57,10
-19,-54,9
-15,-47,9
-13,-42,7
-14,-38,7
-14,-29,7
-16,-25,7
-24,-26,7
-28,-33,11
-31,-37,12
-36,-49,17
-36,-53,23
-33,-51,28
-22,-56,24
-22,-75,27
-27,-95,36
-21,-84,35
-15,-63,29
-29,-58,22
-35,-57,20
-33,-51,19
-30,-47,20
-23,-43,22
-26,-48,21
-26,-50,21
-26,-54,20
-27,-55,20
-31,-67,21
-29,-79,22
-30,-84,24
-35,-83,32
-34,-75,30
-31,-68,21
-30,-82,23
-28,-89,25
-20,-87,23
-16,-79,22
-15,-65,18
-20,-54,14
-23,-52,13
-21,-46,10
-18,-43,9
-16,-38,10
-16,-31,11
-16,-29,11
-27,-29,5
-33,-32,4
-45,-35,5
-46,-37,8
-46,-38,12
-45,-43,16
-43,-42,16
-32,-49,17
-30,-72,25
-31,-77,30
-18,-65,31
-12,-60,30
-19,-59,26
-33,-58,20
-36,-57,19
-30,-55,19
-28,-54,19
-25,-54,19
-26,-53,17
-27,-54,17
-35,-66,23
-35,-73,26
-35,-91,27
-40,-91,30
-30,-80,29
-21,-69,24
-25,-78,23
-25,-83,23
-21,-82,22
-18,-77,20
-16,-65,18
-18,-61,17
-20,-55,13
-21,-47,9
-21,-45,8
-18,-39,7
-17,-36,8
-17,-27,8
-20,-21,8
-23,-23,7
-30,-30,10
-32,-34,12
-34,-45,14
-37,-58,22
-37,-57,28
-24,-71,27
-22,-86,25
-25,-98,36
-11,-66,34
-13,-57,29
-30,-51,19
-36,-50,17
-31,-49,16
-22,-47,19
-20,-48,19
-24,-52,17
-25,-55,17
-27,-58,19
-30,-67,21
-31,-72,22
-29,-78,23
-30,-82,26
-36,-80,30
-34,-66,20
-32,-71,20
-30,-84,25
-27,-87,25
-17,-80,23
-15,-70,19
-16,-66,18
-19,-59,14
-20,-56,12
-18,-49,9
-16,-45,7
-15,-42,8
-15,-34,8
-16,-27,7
-17,-26,6
-24,-34,7
-26,-38,9
-32,-50,13
-34,-56,29
-30,-51,32
-12,-65,26
-12,-91,27
-13,-107,36
-12,-92,36
-15,-63,29
-29,-53,18
-34,-51,14
-30,-48,13
-27,-45,14
-22,-42,19
-26,-44,18
-29,-48,18
-29,-55,20
-27,-63,23
-29,-69,24
-28,-77,25
-28,-82,25
-32,-88,30
-29,-71,25
-28,-64,22
-31,-74,23
-32,-82,24
-25,-91,24
-17,-82,20
-15,-76,19
-16,-64,16
-18,-59,15
-17,-50,11
-18,-46,8
-18,-44,7
-14,-38,6
-12,-34,7
-9,-26,6
-15,-26,6
-18,-30,7
-25,-36,11
-30,-44,12
-33,-60,20
-29,-66,24
-24,-70,24
-24,-101,32
-26,-112,37
-17,-83,36
-17,-55,29
-21,-53,26
-27,-50,21
-25,-47,20
-22,-41,21
-21,-42,22
-22,-45,23
-25,-52,21
-25,-57,20
-30,-67,24
-36,-81,29
-34,-89,28
-30,-90,29
-30,-85,32
-28,-64,24
-29,-67,18
-30,-74,19
-28,-92,21
-24,-94,19
-18,-81,16
-18,-69,14
-20,-64,13
-22,-57,10
-22,-53,8
-21,-47,8
-18,-38,10
-16,-32,10
-16,-22,9
-21,-18,8
-23,-18,9
-28,-19,11
-31,-22,12
-49,-38,15
-49,-42,18
-46,-37,21
-41,-43,22
-34,-56,22
-27,-80,29
-25,-81,35
-19,-71,34
-30,-66,24
-38,-66,22
-40,-62,25
-36,-59,26
-32,-56,27
-33,-54,27
-33,-53,27
-32,-54,25
-35,-58,23
-42,-69,17
-40,-73,12
-40,-81,14
-53,-88,11
-51,-80,2
-45,-89,-7
-38,-98,-12
-31,-93,-19
-38,-83,-17
-37,-79,-14
-38,-75,-16
-38,-65,-20
-39,-60,-18
-38,-50,-15
-38,-46,-16
-31,-35,-15
-26,-23,-14
-28,-21,-10
-34,-21,-1
-35,-22,2
-42,-30,11
-46,-39,10
-46,-40,16
-42,-26,25
-39,-22,25
-45,-35,25
-41,-45,29
-32,-44,32
-24,-45,34
-26,-48,31
-31,-56,28
-29,-62,29
-27,-65,31
-25,-68,33
-23,-67,32
-18,-64,28
-18,-59,25
-20,-59,24
-23,-60,22
-26,-63,21
-26,-68,18
-27,-73,16
-30,-79,17
-38,-72,19
-35,-61,13
-34,-63,5
-40,-80,11
-41,-83,13
-33,-79,8
-29,-74,8
-28,-66,8
-29,-61,7
-31,-57,5
-30,-53,1
-29,-50,0
-27,-44,2
-25,-40,4
-24,-38,5
-27,-40,4
-29,-43,6
-27,-47,8
-27,-47,11
-28,-47,15
-31,-42,21
-29,-41,20
-23,-58,20
-26,-87,30
-23,-86,36
-11,-69,34
-12,-64,31
-23,-60,25
-29,-57,21
-27,-54,21
-23,-49,22
-24,-50,22
-24,-52,22
-26,-57,21
-26,-59,22
-27,-66,24
-26,-70,25
-24,-73,23
-31,-81,25
-36,-87,27
-30,-66,24
-26,-58,20
-24,-68,20
-24,-86,23
-20,-89,23
-14,-78,21
-15,-72,18
-21,-64,14
-23,-58,11
-22,-54,11
-18,-46,11
-17,-42,12
-18,-34,13
-19,-25,11
-20,-24,10
-26,-30,10
-28,-31,12
-34,-36,15
-34,-42,18
-34,-48,20
-28,-51,23
-23,-53,24
-22,-78,29
-24,-95,33
-19,-83,30
-16,-58,24
-22,-57,19
-33,-57,16
-31,-54,16
-28,-51,18
-25,-49,22
-27,-53,21
-29,-54,21
-31,-59,21
-33,-66,23
-33,-83,26
-30,-89,27
-28,-88,31
-27,-70,27
-27,-61,23
-28,-62,20
-27,-68,20
-22,-80,19
-16,-77,19
-15,-71,19
-15,-60,14
-16,-56,12
-19,-51,9
-16,-46,7
-14,-43,7
-12,-36,7
-14,-33,8
-15,-35,8
-18,-45,10
-18,-47,12
-21,-58,14
-22,-73,23
-23,-75,27
-20,-65,28
-21,-72,29
-24,-96,35
-11,-70,29
-7,-56,29
-16,-52,24
-21,-49,21
-31,-45,15
-27,-42,19
-24,-42,23
-22,-47,23
-23,-51,22
-26,-59,21
-29,-70,25
-29,-76,27
-25,-85,27
-26,-91,29
-28,-84,32
-27,-60,21
-29,-60,18
-35,-74,17
-35,-83,19
-25,-80,22
-18,-66,19
-19,-60,18
-22,-51,13
-24,-47,11
-21,-40,9
-15,-31,9
-13,-27,10
-14,-23,9
-17,-24,8
-25,-33,8
-31,-38,13
-31,-42,14
-30,-56,21
-27,-65,25
-18,-71,30
-12,-99,36
-14,-110,38
-14,-85,31
-13,-65,28
-18,-52,21
-25,-48,15
-29,-47,13
-27,-42,14
-26,-42,16
-25,-47,19
-29,-57,19
-30,-59,19
-30,-69,22
-29,-76,24
-26,-81,23
-32,-85,28
-34,-79,30
-31,-61,22
-31,-62,21
-30,-78,23
-22,-91,25
-15,-87,26
-6,-70,25
-8,-65,23
-15,-58,17
-19,-52,11
-18,-48,11
-14,-40,11
-14,-36,11
-14,-28,10
-20,-30,9
-23,-33,9
-27,-35,13
-30,-41,14
-31,-55,21
-28,-59,26
-23,-55,26
-15,-74,29
-21,-92,32
-22,-82,33
-16,-58,27
-16,-53,24
-26,-53,19
-28,-52,18
-28,-47,18
-26,-46,22
-25,-46,22
-28,-51,20
-30,-55,21
-34,-68,24
-33,-83,28
-31,-87,29
-30,-87,34
-31,-81,33
-28,-66,25
-29,-71,20
-29,-77,19
-28,-86,19
-25,-82,19
-21,-69,16
-24,-61,13
-26,-59,12
-25,-52,9
-22,-48,9
-17,-40,8
-17,-30,9
-18,-26,9
-20,-21,8
-23,-24,9
-29,-31,14
-34,-36,17
-40,-44,19
-42,-55,28
-41,-54,29
-27,-51,29
-21,-73,30
-24,-79,35
-20,-66,33
-16,-59,29
-23,-54,22
-34,-53,17
-34,-52,17
-29,-52,18
-27,-51,20
-26,-56,21
-27,-59,22
-28,-59,22
-32,-64,24
-31,-73,25
-30,-76,26
-34,-80,34
-35,-77,35
-30,-62,26
-29,-65,24
-28,-80,25
-20,-92,26
-15,-89,25
-11,-71,21
-13,-66,18
-19,-57,13
-21,-48,9
-20,-45,10
-18,-40,11
-17,-37,11
-18,-32,10
-18,-26,8
-21,-28,8
-27,-33,12
-28,-34,13
-37,-46,17
-32,-60,28
-28,-59,31
-15,-58,30
-14,-74,31
-20,-98,36
-11,-71,34
-11,-58,31
-24,-52,23
-32,-51,19
-34,-50,15
-27,-46,19
-24,-46,21
-25,-50,21
-26,-52,19
-28,-56,19
-31,-65,21
-30,-72,22
-26,-76,22
-29,-81,25
-37,-80,32
-32,-60,24
-29,-62,21
-29,-81,25
-26,-90,26
-14,-90,26
-10,-73,22
-12,-68,20
-20,-61,15
-24,-58,13
-21,-50,10
-19,-44,10
-18,-40,12
-19,-32,11
-20,-24,9
-22,-24,9
-28,-25,11
-30,-26,12
-41,-39,16
-43,-46,21
-33,-45,25
-19,-49,27
-19,-65,28
-22,-88,35
-20,-82,35
-15,-64,28
-28,-59,21
-34,-59,19
-34,-56,19
-28,-53,21
-22,-47,22
-26,-50,21
-27,-52,20
-27,-56,23
-27,-58,25
-29,-64,25
-30,-77,26
-29,-81,27
-32,-88,33
-26,-68,30
-23,-62,25
-28,-74,25
-29,-82,25
-22,-88,24
-16,-76,23
-16,-70,22
-20,-63,17
-23,-60,15
-23,-53,13
-18,-44,14
-18,-40,14
-19,-31,12
-20,-27,12
-24,-23,10
-30,-26,11
-32,-27,13
-33,-30,15
-37,-36,17
-41,-49,27
-31,-43,26
-22,-43,24
-22,-70,27
-26,-81,33
-18,-73,33
-14,-60,26
-21,-57,24
-35,-56,17
-37,-55,15
-29,-53,17
-23,-50,20
-24,-52,20
-25,-55,20
-25,-58,21
-29,-62,24
-32,-72,26
-29,-76,27
-26,-83,30
-28,-83,33
-34,-74,31
-32,-61,21
-32,-65,20
-30,-80,23
-25,-84,24
-17,-80,22
-17,-68,18
-21,-64,16
-25,-60,14
-26,-56,9
-29,-55,6
-30,-52,6
-29,-46,7
-27,-34,8
-26,-27,7
-25,-19,8
-29,-16,11
-31,-15,11
-37,-19,10
-43,-26,11
-51,-41,18
-38,-32,22
-28,-31,24
-24,-56,27
-27,-64,29
-23,-58,31
-19,-56,31
-23,-58,29
-39,-64,22
-41,-63,23
-36,-59,29
-30,-63,30
-27,-64,32
-25,-62,30
-26,-61,29
-29,-63,26
-30,-68,23
-30,-70,21
-33,-77,15
-38,-89,13
-48,-82,9
-35,-65,-6
-26,-66,-8
-20,-73,1
-24,-72,9
-35,-66,4
-47,-68,-14
-53,-71,-22
-47,-73,-20
-40,-72,-16
-38,-67,-13
-42,-59,-16
-43,-55,-17
-39,-50,-17
-37,-49,-15
-32,-44,-8
-30,-38,-2
-30,-36,0
-32,-31,5
-34,-31,8
-34,-33,13
-35,-26,17
-38,-26,17
-46,-39,17
-47,-46,20
-40,-49,28
-32,-48,28
-29,-48,26
-27,-50,26
-26,-49,27
-24,-49,31
-22,-53,30
-24,-58,30
-24,-66,34
-20,-66,34
-15,-64,30
-22,-65,29
-25,-66,26
-28,-74,20
-30,-77,19
-34,-80,20
-43,-68,20
-41,-56,14
-39,-59,5
-40,-68,6
-42,-84,12
-34,-81,10
-30,-77,9
-32,-68,9
-33,-65,8
-34,-58,3
-31,-53,3
-29,-50,3
-22,-43,5
-21,-40,7
-26,-38,9
-31,-43,10
-31,-43,11
-31,-42,15
-30,-38,18
-34,-37,21
-34,-32,26
-31,-28,26
-27,-32,23
-26,-42,22
-22,-58,27
-23,-63,34
-21,-63,33
-26,-69,29
-29,-70,28
-27,-64,27
-25,-58,27
-26,-57,27
-28,-54,25
-30,-53,25
-35,-56,24
-38,-71,29
-37,-77,29
-31,-85,30
-31,-86,32
-31,-73,29
-28,-63,20
-30,-65,18
-28,-77,19
-25,-79,19
-15,-74,20
-14,-67,17
-17,-65,16
-22,-59,12
-23,-57,9
-21,-51,9
-18,-45,9
-18,-42,8
-19,-35,8
-25,-33,8
-27,-34,14
-23,-35,19
-24,-39,21
-27,-53,28
-24,-53,33
-19,-43,31
-22,-56,28
-26,-71,29
-18,-78,33
-11,-69,31
-12,-59,26
-29,-59,19
-34,-58,19
-32,-55,20
-26,-53,21
-21,-52,25
-23,-53,23
-26,-55,22
-30,-60,24
-30,-66,25
-26,-76,26
-27,-83,27
-31,-85,31
-31,-67,29
-26,-54,21
-26,-59,20
-29,-80,23
-25,-86,24
-15,-78,22
-16,-66,19
-19,-63,16
-25,-58,12
-26,-55,11
-25,-49,11
-24,-43,11
-23,-39,11
-24,-32,11
-25,-29,11
-25,-30,11
-26,-31,14
-28,-33,14
-38,-40,19
-36,-43,21
-31,-48,21
-18,-55,22
-16,-65,24
-21,-85,32
-20,-79,33
-15,-65,24
-22,-60,20
-29,-60,19
-32,-55,18
-30,-53,18
-27,-50,21
-27,-53,21
-28,-54,21
-31,-60,23
-33,-66,26
-30,-76,28
-30,-88,31
-31,-88,35
-28,-70,28
-27,-64,23
-31,-76,20
-29,-92,22
-24,-92,23
-14,-77,23
-12,-70,20
-19,-61,15
-23,-54,11
-21,-50,10
-16,-40,9
-15,-35,9
-15,-25,7
-14,-17,5
-17,-15,4
-27,-21,9
-33,-28,15
-38,-44,23
-23,-66,19
-18,-77,20
-16,-67,31
-15,-61,33
-19,-85,30
-32,-91,26
-28,-80,27
-22,-60,25
-22,-54,24
-24,-52,22
-20,-49,20
-19,-47,21
-19,-43,23
-20,-45,22
-22,-54,22
-24,-61,21
-27,-64,22
-32,-73,28
-30,-75,28
-25,-85,28
-27,-84,32
-25,-72,28
-22,-69,20
-25,-71,20
-31,-79,22
-25,-79,18
-23,-74,16
-20,-63,15
-21,-59,15
-22,-52,11
-21,-45,8
-19,-42,7
-18,-36,10
-18,-34,11
-23,-31,9
-30,-34,12
-32,-37,13
-32,-36,16
-36,-39,17
-44,-46,21
-44,-41,25
-37,-40,25
-25,-58,20
-23,-69,22
-18,-76,34
-14,-67,30
-17,-62,24
-32,-56,16
-37,-55,15
-33,-52,18
-25,-50,20
-24,-50,21
-26,-53,22
-27,-54,23
-30,-60,25
-32,-76,29
-29,-83,30
-25,-89,31
-26,-87,33
-25,-64,24
-30,-65,18
-30,-71,18
-27,-83,19
-23,-84,19
-15,-75,18
-14,-64,16
-17,-60,14
-20,-55,12
-19,-53,10
-17,-48,10
-16,-44,10
-15,-40,9
-18,-32,7
-19,-31,7
-26,-35,9
-28,-36,14
-33,-43,16
-33,-56,23
-30,-58,26
-23,-51,28
-17,-65,28
-20,-79,31
-17,-78,37
-14,-60,31
-17,-55,28
-30,-53,21
-33,-53,18
-32,-50,18
-28,-49,20
-23,-50,23
-23,-53,21
-24,-54,20
-27,-61,22
-28,-69,25
-24,-80,25
-26,-84,29
-29,-80,31
-31,-64,25
-31,-62,21
-31,-74,22
-28,-88,25
-24,-90,26
-15,-76,22
-14,-68,19
-16,-58,15
-20,-52,11
-20,-50,9
-15,-44,9
-16,-41,9
-20,-35,7
-24,-29,4
-25,-29,4
-28,-28,7
-28,-27,10
-35,-38,15
-40,-52,22
-39,-51,25
-26,-46,25
-20,-61,25
-22,-100,33
-13,-83,34
-11,-70,29
-23,-56,21
-32,-54,17
-40,-49,13
-31,-43,15
-27,-41,18
-23,-43,21
-26,-47,20
-30,-58,20
-31,-68,24
-30,-75,26
-26,-85,24
-26,-87,26
-31,-78,30
-31,-55,22
-32,-57,19
-33,-77,21
-26,-92,24
-21,-91,24
-12,-77,23
-13,-68,21
-18,-57,16
-20,-53,14
-20,-47,11
-15,-42,9
-13,-39,9
-14,-34,9
-14,-32,8
-20,-31,9
-24,-36,11
-25,-38,11
-32,-50,14
-32,-54,18
-36,-57,29
-21,-59,25
-15,-74,24
-17,-98,34
-8,-76,34
-11,-65,30
-24,-55,23
-31,-54,19
-37,-50,15
-29,-43,19
-25,-41,22
-27,-43,22
-29,-47,21
-31,-51,21
-31,-63,25
-32,-72,26
-30,-83,26
-30,-86,27
-37,-81,30
-36,-67,25
-34,-65,14
-40,-82,15
-41,-87,14
-35,-82,10
-25,-69,8
-27,-63,4
-36,-57,-5
-38,-52,-13
-33,-41,-13
-33,-37,-13
-35,-36,-15
-37,-33,-9
-35,-35,-2
-30,-39,14
-34,-41,27
-36,-41,30
-53,-40,26
-63,-42,22
-76,-37,16
-84,-27,2
-48,-39,10
-85,-33,2
-53,-32,9
-57,-14,8
-57,-9,-2
-60,-2,-9
-59,2,0
-63,-4,11
-49,2,10
-77,-2,6
-68,-5,10
-57,-2,16
-61,-2,18
-47,-6,27
-40,-14,40
-37,-17,46
-35,-18,55
-37,-17,60
-33,-19,65
-27,-12,60
-26,-8,55
-32,-10,59
-30,-14,65
-27,-17,63
-14,-15,51
-29,-6,50
-11,-5,55
-20,-3,52
-14,4,58
-14,-6,58
-15,-2,59
-10,-9,59
-10,-3,60
-12,-7,60
-15,-7,65
-13,-12,70
-10,-17,71
-9,-19,69
-10,-21,70
-15,-22,66
-13,-18,62
-5,-12,59
-5,-15,58
-12,-21,58
-18,-23,63
-14,-21,63
-5,-15,57
-2,-15,54
0,-15,56
-1,-16,55
-1,-18,55
-1,-13,55
4,-22,29
8,-9,61
10,-6,58
7,1,54
12,-12,65
13,-12,66
3,-14,72
6,-9,71
3,-9,74
0,-8,85
-3,-10,81
-6,-1,68
-21,-12,58
-22,-12,58
-29,3,58
-9,-17,63
-18,-15,64
-7,-12,57
-10,-10,55
-9,-7,53
-9,-6,53
-9,-7,54
-5,-7,54
-4,-7,54
-7,-7,57
-6,-8,59
-7,-8,59
-7,-12,63
-7,-12,64
-9,-14,67
-9,-15,69
-8,-19,71
-13,-24,73
-12,-26,71
-11,-20,58
-13,-16,56
-14,-18,60
-12,-23,58
-11,-21,56
-11,-15,56
-11,-13,54
-11,-11,53
-11,-13,53
-12,-14,53
-12,-14,54
-12,-15,56
-12,-13,56
-11,-12,57
-11,-12,58
-14,-16,61
-13,-17,63
-13,-19,67
-14,-18,67
-18,-17,68
-30,-18,72
-32,-19,72
-32,-21,66
-23,-14,54
-23,-9,50
-30,-4,49
-32,-4,52
-40,-14,58
-27,-20,54
-25,-20,51
-22,-13,44
-20,-11,40
-17,-7,35
-17,-8,33
-14,-10,33
-15,-19,31
-15,-26,30
-11,-43,32
-20,-65,37
-17,-72,38
-11,-75,34
-13,-78,32
-11,-88,28
-22,-104,29
-19,-96,37
-11,-61,32
-15,-52,23
-28,-61,14
-30,-77,19
-22,-77,25
-8,-64,30
-7,-57,27
-8,-48,17
-14,-50,16
-15,-52,18
-19,-52,24
-18,-50,26
-19,-47,26
-21,-49,27
-18,-49,28
-16,-51,29
-15,-52,29
-14,-56,28
-15,-65,25
-17,-71,24
-22,-90,29
-21,-89,32
-15,-60,23
-11,-44,16
-11,-45,16
-16,-58,21
