1692521332.000000, 1692521332.000000, 1692521332.000000
32.000000, 32.000000, 32.000000
-7,-3,63
-7,-3,63
-7,-3,62
-7,-3,63
-7,-4,63
-7,-3,63
-6,-3,64
-6,-3,64
-6,-3,64
-6,-3,64
-6,-2,64
-6,-3,64
-6,-3,64
-6,-3,63
-6,-3,63
-6,-3,63
-7,-3,63
-7,-3,63
-6,-3,64
-6,-3,63
-6,-3,63
-6,-2,63
-6,-3,64
-6,-3,63
-6,-3,63
-6,-3,63
-7,-3,63
-6,-3,64
-6,-3,64
-6,-3,65
-6,-3,65
-5,-2,65
-4,-1,65
-4,-2,64
-6,-4,66
-6,-4,66
-6,-4,62
-6,-4,62
-6,-4,63
-6,-4,60
-6,-4,60
-4,-4,61
-4,-5,61
-4,-4,64
-5,-5,65
-4,-5,65
-4,-4,64
-4,-4,65
-4,-3,64
-5,-3,63
-5,-4,64
-6,-4,64
-6,-4,63
-5,-3,63
-5,-3,63
-4,-3,63
-5,-3,63
-5,-3,63
-5,-4,63
-5,-5,64
-5,-5,64
-4,-4,63
-4,-4,63
-5,-4,65
-4,-4,63
-5,-4,63
-6,-2,63
-5,-2,64
-4,-2,63
-4,-1,64
-4,-2,63
-3,-2,62
-3,-2,61
-3,-3,63
-1,-5,62
0,-6,61
8,-6,62
14,0,65
18,-26,67
1,9,65
13,14,75
2,26,74
-1,26,74
-31,18,64
-23,11,63
-32,1,65
-33,-6,54
-31,-8,48
-33,-12,52
-23,-15,54
-22,-15,53
-23,-15,57
-21,-15,59
-22,-14,60
-23,-13,58
-22,-14,55
-20,-10,56
-20,-8,57
-11,-5,62
-29,-55,72
-7,-25,99
-24,-4,66
-11,-4,60
-14,-10,63
-22,-9,47
-22,-13,50
-24,-9,55
-25,-6,54
-21,-6,54
-20,1,54
-19,2,56
-18,3,55
-17,6,56
-22,4,59
-27,-1,62
-29,-3,65
-34,-9,68
-33,-10,67
-26,-4,61
-28,6,60
-26,8,60
-25,10,55
-27,11,52
-30,8,51
-33,5,49
-35,2,51
-38,-4,57
-38,-7,58
-35,-9,59
-34,-9,60
-34,-11,62
-33,-15,61
-31,-15,59
-26,-10,54
-26,-7,55
-25,-6,55
-25,-5,57
-26,-6,58
-25,-6,59
-23,-2,58
-23,-2,58
-24,-4,61
-24,-6,64
-20,-11,67
-18,-13,65
-17,-15,64
-13,-14,61
-13,-14,62
-11,-14,64
-10,-12,63
-10,-10,63
-11,-6,61
-11,-4,59
-29,3,45
-17,3,60
-15,0,61
-14,-2,62
-13,-4,63
-16,-7,61
-11,-6,63
-10,-6,63
-7,-3,62
-3,-2,63
-16,-6,62
-9,-13,66
-11,-13,64
-12,-13,59
-14,-12,57
-19,-13,56
-20,-14,55
-20,-15,55
-20,-14,54
-20,-13,54
-20,-11,54
-25,-8,56
-27,-7,57
-27,-6,60
-28,-5,60
-33,-4,61
-32,-6,61
-32,-6,60
-35,-5,59
-35,-4,58
-35,-6,59
-36,-8,59
-36,-9,58
-35,-11,59
-32,-12,58
-31,-12,55
-30,-7,53
-31,-5,53
-30,-6,55
-28,-8,54
-30,-8,56
-29,-7,57
-27,-5,57
-29,-4,57
-29,-4,57
-27,-5,58
-27,-6,59
-26,-7,59
-23,-7,59
-21,-8,55
-21,-10,56
-17,-10,60
-17,-10,63
-14,-12,64
-15,-13,61
-15,-8,62
-14,-8,61
-10,-9,63
-11,-9,60
-9,-8,60
-6,-7,61
-5,-7,62
-3,-6,63
-4,-4,63
-5,-5,63
-7,-5,61
-7,-4,63
-6,-4,64
-7,-5,63
-7,-6,63
-8,-5,64
-8,-5,65
-7,-4,65
-7,-4,65
-7,-4,64
-8,-4,64
-7,-3,64
-7,-3,63
-7,-3,63
-7,-2,63
-7,-3,61
-6,-4,60
-4,-4,60
-2,-1,62
1,0,65
4,-3,60
1,0,58
2,2,62
3,-2,66
3,0,65
8,-2,63
6,-1,63
6,2,67
14,-2,77
29,-10,82
9,21,73
42,-36,56
-14,-32,47
4,-9,59
0,-4,54
3,-2,59
-10,-1,55
-10,1,54
-25,-9,67
-28,-17,73
-24,-13,54
-31,-24,59
-21,-24,62
-20,-16,58
-22,-17,54
-8,-19,65
-17,-24,61
-14,-26,60
-11,-21,64
-12,-12,55
-8,-10,57
-8,-5,59
-10,-3,58
-11,-6,62
-10,-6,62
-18,-8,59
-15,-14,65
-15,-12,63
-10,-12,60
-10,-13,59
-13,-18,59
-4,-23,68
-15,-24,60
-30,-38,45
-36,-57,54
21,-26,55
-49,3,82
-23,3,75
-24,-19,59
-29,-16,59
-21,-27,51
-15,-38,43
-17,-40,42
-20,-36,44
-11,-31,41
-25,-25,50
-9,-34,77
-14,-23,68
-10,-26,51
-8,-36,46
-13,-50,42
-8,-48,39
-6,-47,34
-17,-51,35
-16,-41,43
-19,-34,44
-26,-26,52
-36,-22,65
-33,-20,74
-28,-23,66
-24,-22,43
-11,-47,34
1,-50,35
-7,-63,50
-49,-83,35
-7,-122,54
-46,-101,32
-59,-85,45
-25,-29,37
-46,3,16
-47,20,16
-43,15,39
-48,23,31
-49,43,35
-65,46,39
-77,40,45
-83,10,61
-128,6,50
-128,-67,86
-128,-128,73
-128,-117,30
-44,-65,-1
-19,-50,-10
-1,-42,-22
16,-45,-25
52,-35,-23
62,-29,-35
53,-36,-34
43,-45,-25
28,-61,-3
0,-70,14
-128,-128,127
-128,-128,127
-128,-128,96
-66,-24,46
-63,4,30
-70,49,16
-57,65,11
-38,83,9
-26,76,11
-29,65,14
-59,35,34
-99,10,36
-128,-56,91
-128,-128,85
-128,-128,71
-70,-96,17
-29,-67,2
11,-41,-12
32,-38,-21
67,-31,-26
66,-33,-32
53,-37,-32
33,-42,-21
13,-56,-3
-22,-72,15
-128,-128,120
-128,-128,123
-128,-106,93
-86,-16,58
-60,8,34
-50,40,14
-41,49,11
-14,69,-1
-14,80,-6
-10,79,0
-42,43,22
-99,0,35
-128,-82,108
-128,-128,88
-128,-128,69
-55,-93,24
-16,-70,10
32,-51,-13
70,-33,-31
80,-26,-34
70,-28,-35
56,-36,-39
36,-54,-29
8,-54,-11
-44,-65,18
-128,-128,127
-128,-128,127
-128,-119,111
-60,-17,65
-48,4,39
-41,38,22
-26,51,12
-21,91,-5
-26,99,0
-30,80,3
-113,13,21
-128,-13,43
-128,-95,85
-128,-128,40
-128,-128,36
-7,-77,6
9,-60,-5
42,-47,-19
71,-27,-25
72,-26,-24
57,-35,-25
42,-40,-26
22,-46,-24
-12,-64,13
-76,-93,62
-128,-128,99
-128,-128,89
-128,-100,69
-72,1,25
-54,24,14
-35,42,14
-27,54,9
-19,79,-2
-21,73,3
-21,65,9
-25,47,24
-106,6,36
-128,-128,127
-128,-128,78
-128,-113,58
-23,-62,5
-3,-49,-3
18,-46,-11
51,-30,-33
72,-21,-39
60,-23,-32
58,-32,-26
43,-51,-22
16,-72,24
-88,-107,66
-128,-128,127
-128,-128,127
-120,-37,85
-84,38,34
-62,46,23
-26,57,10
-22,67,7
-12,72,14
11,60,11
23,57,10
-49,7,9
-128,-22,22
-128,-128,127
-128,-128,66
-124,-128,48
-29,-76,5
-4,-59,-7
24,-47,-18
44,-36,-23
55,-32,-27
65,-24,-24
52,-24,-19
41,-28,-13
27,-36,-1
11,-24,18
-128,-128,114
-128,-128,95
-128,-126,96
-72,-21,25
-50,-2,14
-34,35,13
-26,47,5
-10,70,-5
-9,86,-7
-5,86,-5
-33,83,-15
-92,55,-10
-128,-103,91
-128,-128,88
-128,-128,66
-44,-116,27
6,-58,-9
27,-47,-18
55,-40,-30
70,-32,-35
72,-19,-42
62,-27,-37
43,-39,-16
21,-42,1
-30,-78,35
-128,-128,105
-128,-128,110
-128,-98,82
-61,-11,33
-63,11,22
-41,31,3
-35,49,-5
-27,76,-5
-22,83,-3
-29,79,-1
-63,51,12
-113,26,16
-128,-65,60
-128,-128,53
-128,-128,46
-60,-115,17
-38,-86,3
15,-63,-4
56,-42,-18
73,-35,-24
82,-27,-23
71,-29,-21
47,-44,-23
14,-48,-7
-40,-73,16
-128,-128,91
-128,-128,70
-128,-102,83
-52,-19,41
-48,4,29
-38,42,13
-28,53,8
-13,74,-1
-17,79,3
-22,75,4
-74,30,17
-128,-4,32
-128,-88,92
-128,-128,55
-128,-128,43
-41,-89,-2
-15,-71,-13
23,-45,-18
48,-32,-24
60,-25,-27
82,-19,-32
76,-24,-34
60,-50,-24
26,-61,4
-96,-128,60
-128,-128,127
-128,-128,119
-101,-64,84
-47,3,36
-54,24,22
-34,50,9
-24,63,2
-19,78,0
-21,69,7
-21,59,5
-104,4,16
-128,-31,36
-128,-128,66
-128,-128,29
-114,-128,19
-17,-86,-1
1,-65,1
27,-46,13
77,-31,-12
84,-24,-16
77,-22,-7
63,-28,-9
32,-47,-16
-22,-62,16
-122,-116,47
-128,-128,94
-128,-128,82
-111,-59,58
-44,-4,27
-42,14,20
-39,41,10
-27,59,3
-12,86,-2
-18,73,1
-30,54,-1
-128,-1,14
-128,-35,42
-128,-128,52
-128,-126,41
-83,-113,27
-11,-74,12
13,-61,12
46,-40,-8
85,-20,-24
86,-16,-24
66,-27,-19
51,-37,-25
22,-52,-12
-102,-102,38
-128,-128,83
-128,-128,112
-128,-128,90
-83,-32,59
-39,23,30
-43,38,19
-26,66,8
-16,77,6
-11,74,8
-19,55,6
-36,35,7
-128,-27,33
-128,-107,79
-128,-128,51
-105,-119,37
-53,-90,13
-7,-63,-3
20,-51,-2
66,-25,-25
91,-16,-37
92,-25,-32
49,-46,-29
38,-49,-32
4,-63,-11
-128,-128,66
-128,-128,96
-128,-128,94
-128,-116,78
-44,-21,48
-32,25,25
-42,37,12
-26,62,5
-17,70,4
-16,73,7
-27,52,11
-43,30,16
-128,-32,58
-128,-120,46
-128,-128,-10
-92,-128,-1
-25,-92,-15
12,-63,-6
53,-48,-5
121,-17,-6
94,-21,-30
106,-25,-25
53,-46,-16
30,-52,-14
-32,-84,3
-128,-128,79
-128,-128,82
-128,-121,59
-41,-11,43
-25,18,35
-21,50,13
-15,61,8
-9,74,5
-10,78,10
-21,75,10
-108,68,7
-128,24,27
-128,-97,54
-128,-128,80
-128,-128,47
-26,-102,2
-8,-73,-4
29,-53,-1
51,-49,-9
89,-36,-19
79,-41,-14
60,-44,-20
33,-52,-21
8,-57,-11
-128,-126,41
-128,-128,80
-128,-128,83
-126,-53,79
-71,-19,53
-44,23,26
-30,43,9
-23,52,2
-12,66,-3
-9,75,-3
-18,79,-4
-59,42,2
-128,12,15
-128,-85,69
-128,-128,64
-128,-119,40
-47,-74,14
-18,-61,4
13,-69,-5
33,-76,-13
69,-62,-31
75,-48,-27
60,-50,-23
35,-51,-24
21,-43,-18
-109,-87,61
-128,-128,127
-128,-128,116
-128,-51,89
-93,-4,71
-49,32,29
-28,49,11
-19,60,6
-5,72,5
-1,72,6
-1,63,-2
-61,20,12
-128,3,27
-128,-128,55
-128,-128,11
-128,-120,-8
-38,-91,7
17,-85,14
106,-52,-1
108,-18,-7
89,-19,-14
64,-41,-29
44,-49,-24
3,-56,-17
-98,-122,25
-128,-128,91
-128,-128,59
-128,-126,62
-71,-29,60
-44,-4,70
-75,36,9
-9,52,10
3,59,7
-13,75,-3
-9,80,-3
-36,55,-1
-128,-36,47
-128,-128,78
-128,-128,33
-128,-128,27
-27,-86,-4
25,-62,-3
41,-53,-9
70,-37,-24
73,-24,-26
63,-26,-31
35,-28,-39
31,-28,-32
-9,-57,-3
-128,-128,111
-128,-128,127
-128,-98,89
-128,-44,79
-64,9,26
-44,47,19
-23,49,9
1,65,0
12,73,-4
20,84,-8
11,83,-8
-52,58,6
-128,-21,63
-128,-128,63
-128,-128,40
-122,-128,2
-9,-82,-7
31,-54,-14
44,-45,-18
60,-38,-28
64,-39,-28
56,-37,-26
34,-45,-20
24,-47,-13
-28,-74,43
-128,-128,124
-128,-128,127
-128,-100,84
-120,-43,69
-52,5,34
-42,48,27
-24,62,23
-12,77,11
-7,74,10
-7,70,7
-51,38,7
-124,8,22
-128,-95,83
-128,-128,71
-128,-128,43
-128,-109,11
-29,-90,-3
23,-78,-1
49,-75,-3
85,-48,-31
86,-33,-18
61,-32,-13
23,-41,-16
14,-43,-11
-32,-57,14
-128,-128,60
-128,-128,100
-128,-122,67
-128,-46,44
-82,18,27
-34,34,22
-53,48,4
-28,58,8
-16,60,5
-3,66,6
-20,77,-7
-92,63,-8
-128,-74,119
-128,-128,127
-128,-128,70
-45,-116,14
-15,-80,-3
15,-43,-2
34,-34,-5
69,-21,-26
84,-22,-41
81,-30,-43
67,-38,-41
51,-43,-35
-33,-84,24
-128,-128,124
-128,-128,127
-128,-109,127
-94,-54,103
-43,8,31
-46,38,26
-32,52,20
-15,74,-1
-13,76,-1
-13,72,7
-45,41,11
-109,9,25
-128,-89,102
-128,-128,99
-128,-128,53
-43,-80,5
-12,-57,-4
12,-57,-10
30,-52,-18
64,-32,-35
69,-32,-31
64,-40,-32
45,-49,-24
33,-48,-18
-82,-83,40
-128,-128,127
-128,-128,123
-128,-74,90
-85,-30,68
-42,14,23
-30,50,7
-18,61,5
-5,80,-1
-5,87,-2
-18,85,1
-64,32,9
-128,-9,24
-128,-128,87
-128,-128,74
-128,-128,41
-47,-95,11
-5,-84,4
55,-78,-8
82,-70,-24
107,-41,-39
72,-53,-27
49,-59,-29
28,-62,-24
11,-66,-10
-128,-128,64
-128,-128,118
-128,-128,103
-126,-54,74
-77,-16,52
-48,25,23
-31,51,6
-18,69,1
-8,88,0
-7,86,4
-22,68,2
-128,9,17
-128,-34,53
-128,-128,107
-128,-128,83
-77,-124,42
0,-79,5
44,-83,10
103,-66,-36
118,-41,-45
93,-39,-22
43,-58,-33
33,-60,-22
3,-73,9
-46,-95,24
-128,-128,105
-128,-128,99
-128,-128,85
-74,-26,63
-56,4,42
-58,41,11
-46,78,3
-42,94,8
-43,88,16
-45,77,19
-86,16,34
-128,-59,70
-128,-128,112
-128,-128,46
-128,-128,35
-19,-110,-12
22,-67,-3
53,-50,-10
87,-14,-17
102,-5,-16
94,-13,-19
74,-35,-18
72,-48,-13
40,-103,-2
-53,-128,-10
-128,-128,11
-128,-128,29
-128,-119,40
-95,-24,34
-99,11,21
-66,60,17
-30,86,16
-45,75,13
-64,57,13
-73,48,18
-128,-8,5
-128,-122,45
-128,-128,77
-128,-128,53
-89,-128,33
-3,-87,-1
36,-56,-9
58,-39,-18
79,-22,-27
78,-25,-19
65,-32,-22
40,-49,-21
25,-58,-20
-18,-88,-6
-123,-128,39
-128,-128,117
-128,-128,85
-98,-82,70
-45,5,38
-32,24,32
-35,53,13
-23,71,12
-31,80,14
-44,68,13
-60,46,16
-128,-24,34
-128,-126,86
-128,-128,86
-128,-128,53
-91,-121,33
-14,-71,-3
20,-56,-16
41,-50,-25
76,-30,-36
75,-28,-33
49,-42,-30
34,-50,-29
27,-53,-22
-35,-86,37
-128,-128,97
-128,-128,120
-128,-120,93
-109,-54,69
-58,13,36
-44,34,33
-46,61,10
-20,68,11
-12,64,14
-18,60,16
-25,58,17
-128,19,24
-128,-128,105
-128,-128,70
-128,-128,46
-58,-127,19
-1,-78,-6
25,-49,-19
39,-40,-25
60,-26,-35
66,-24,-39
46,-29,-40
33,-34,-35
27,-36,-27
-26,-34,18
-128,-107,90
-128,-128,87
-128,-108,62
-96,-48,60
-12,5,38
-12,21,25
-11,49,12
-1,75,1
-1,82,2
-24,74,8
-44,52,11
-128,-11,28
-128,-128,91
-128,-128,73
-128,-128,52
-67,-114,28
-5,-64,2
40,-37,-19
66,-20,-30
91,3,-35
81,-11,-36
41,-48,-47
4,-68,-33
-9,-73,-25
-64,-92,29
-128,-128,80
-128,-128,90
-128,-128,85
-128,-95,87
-70,-14,42
-57,4,38
-26,39,34
-16,60,14
-18,63,12
-20,61,18
-20,56,23
-128,5,-13
-128,-68,34
-128,-110,31
-128,-128,21
-128,-128,22
-19,-99,-1
37,-73,-23
60,-71,-21
84,-49,-28
91,-40,-26
52,-52,-22
34,-57,-14
28,-62,-9
-58,-86,33
-128,-128,87
-128,-128,104
-128,-124,91
-102,-58,54
-64,7,27
-47,32,21
-31,62,12
-25,67,17
-30,71,20
-34,80,24
-44,73,27
-67,18,43
-128,-39,106
-128,-128,127
-128,-128,78
-128,-128,57
-31,-90,-11
20,-58,-18
32,-42,-25
88,-25,-47
94,-29,-48
60,-52,-40
31,-64,-33
17,-68,-28
-93,-106,32
-128,-128,90
-128,-128,127
-128,-70,106
-80,-34,84
-53,17,42
-60,31,28
-33,52,13
-20,80,1
-24,93,0
-18,91,3
-28,75,0
-122,15,20
-128,-51,68
-128,-128,89
-128,-128,57
-128,-128,44
-19,-86,6
31,-54,-5
47,-39,-17
63,-24,-29
68,-25,-28
52,-31,-30
39,-37,-29
34,-43,-23
-10,-62,6
-109,-109,50
-128,-128,121
-128,-117,93
-128,-56,76
-53,14,33
-46,35,22
-34,46,18
-12,63,15
-6,69,15
-3,83,14
-11,91,11
-101,49,26
-128,-74,104
-128,-128,96
-128,-128,57
-102,-128,32
-6,-96,-14
28,-54,-25
73,-27,-34
102,-7,-30
94,-17,-20
60,-35,-21
36,-51,-16
21,-58,-9
-30,-99,33
-128,-128,68
-128,-128,127
-128,-109,68
-98,-43,62
-34,22,32
-39,40,21
-37,69,10
-15,85,10
-15,80,16
-24,72,20
-47,59,27
-128,3,44
-128,-115,93
-128,-128,89
-128,-128,45
-90,-124,20
-12,-71,-3
28,-53,-16
49,-43,-24
70,-34,-32
59,-37,-35
48,-44,-37
28,-47,-29
18,-45,-19
-64,-66,25
-128,-128,87
-128,-128,99
-128,-115,102
-117,-67,69
-119,-38,59
-63,34,28
-5,58,11
-6,82,-21
-5,84,-28
-41,74,-19
-94,42,5
-128,-14,31
-128,-117,84
-128,-128,80
-128,-113,56
-58,-84,35
-6,-50,1
21,-51,-15
34,-51,-22
48,-57,-33
40,-58,-39
29,-60,-37
15,-59,-28
-1,-60,-18
-87,-57,37
-128,-128,106
-128,-128,127
-128,-108,124
-109,-66,95
-102,5,51
-56,54,22
-48,75,14
-43,106,6
-39,107,1
-46,86,-1
-75,59,9
-128,-9,43
-128,-94,107
-128,-128,106
-128,-128,65
-85,-102,29
0,-71,5
48,-58,-16
52,-55,-17
55,-46,-31
49,-46,-42
38,-50,-37
38,-58,-22
21,-56,-19
-92,-84,44
-128,-128,127
-128,-128,127
-128,-76,98
-93,-27,63
-49,35,29
-32,70,8
-26,90,3
-24,106,2
-18,99,0
-95,52,16
-128,-12,53
-128,-66,89
-128,-128,100
-128,-128,75
-56,-83,25
-5,-71,6
26,-74,-9
75,-59,-35
83,-52,-36
54,-49,-48
38,-55,-33
25,-59,-20
-13,-65,5
-57,-73,39
-128,-128,119
-128,-128,118
-128,-105,104
-74,-19,38
-52,9,32
-46,36,18
-35,68,4
-33,88,1
-27,102,-2
-31,98,-9
-81,48,0
-128,-14,44
-128,-73,64
-128,-128,93
-128,-128,86
-59,-128,30
20,-112,-7
45,-112,-21
94,-88,-27
85,-73,-35
50,-61,-33
29,-64,-25
10,-71,-12
-80,-96,45
-128,-111,72
-128,-128,127
-128,-100,122
-128,-54,87
-65,18,35
-52,36,21
-34,65,6
-34,95,1
-36,100,-1
-49,87,5
-77,63,11
-128,4,25
-128,-63,95
-128,-128,106
-128,-128,69
-111,-104,46
-22,-62,2
15,-63,-20
30,-67,-30
52,-59,-49
55,-54,-54
39,-54,-45
30,-59,-28
17,-60,-18
-95,-68,58
-128,-98,107
-128,-128,127
-128,-70,85
-128,-36,69
-41,8,35
-37,27,24
-14,50,14
1,79,-5
0,90,-7
-13,85,-9
-25,72,-9
-128,29,3
-128,-38,30
-128,-106,49
-128,-128,62
-115,-105,51
-12,-39,12
29,-38,-10
45,-44,-17
70,-53,-34
69,-58,-47
47,-73,-41
29,-75,-25
15,-75,-18
-89,-110,31
-128,-128,75
-128,-128,111
-128,-61,105
-110,-31,89
-35,11,44
-46,32,34
-15,66,15
-7,88,1
-12,95,-2
-21,96,-4
-45,82,1
-128,6,27
-128,-122,94
-128,-128,96
-128,-128,54
-78,-123,28
-1,-66,-16
24,-56,-25
40,-54,-30
59,-48,-34
55,-45,-34
37,-49,-32
13,-59,-30
6,-63,-5
-109,-128,93
-128,-128,126
-128,-128,104
-111,-36,91
-93,-11,67
-85,23,25
-60,43,10
-28,69,5
-16,96,5
-5,96,7
-11,82,14
-34,68,17
-128,-4,55
-128,-126,110
-128,-128,94
-128,-128,52
-91,-102,33
-12,-69,-8
23,-74,-19
45,-73,-27
60,-58,-42
62,-54,-41
43,-53,-33
29,-57,-26
16,-57,-14
-107,-80,65
-128,-74,96
-128,-128,127
-128,-87,99
-126,-43,82
-58,6,35
-58,33,26
-37,68,19
-23,75,9
-27,78,4
-27,70,11
-52,53,28
-121,0,35
-128,-50,89
-128,-128,117
-128,-128,57
-106,-114,51
-27,-54,17
14,-46,9
29,-43,0
44,-46,-20
48,-54,-30
42,-56,-37
29,-46,-31
24,-43,-26
-2,-41,5
-79,-75,42
-128,-128,119
-128,-117,127
-128,-64,118
-50,-6,47
-48,13,38
-38,39,31
-19,53,12
-17,59,9
-13,75,15
-20,79,15
-64,43,34
-128,-31,87
-128,-83,127
-128,-128,124
-128,-128,103
-55,-95,29
9,-79,-13
36,-77,-33
64,-63,-52
69,-39,-57
59,-38,-53
39,-51,-43
30,-59,-29
-5,-74,23
-86,-101,76
-128,-128,127
-128,-128,126
-98,-68,97
-32,4,32
-34,24,17
-33,45,-5
-23,64,-3
-29,70,4
-53,71,15
-81,59,19
-122,9,36
-128,-36,54
-128,-103,68
-128,-128,46
-128,-128,45
-55,-106,14
-11,-78,-2
6,-72,-6
30,-65,-18
40,-60,-23
69,-47,-35
75,-41,-36
75,-43,-31
44,-52,-3
24,-54,24
-128,-128,66
-128,-128,85
-128,-128,91
-109,-20,47
-93,10,28
-59,56,3
-34,83,-2
-31,94,-5
-35,89,9
-39,70,26
-93,17,19
-128,-27,38
-128,-81,70
-128,-128,49
-128,-128,46
-52,-91,16
-13,-62,-6
5,-52,-6
35,-53,-24
50,-48,-37
69,-50,-41
62,-54,-38
54,-59,-34
23,-59,-13
-41,-82,23
-128,-128,125
-128,-128,127
-128,-88,113
-65,-21,62
-43,-8,50
-20,25,28
-12,48,10
-8,59,3
3,83,-4
5,97,-5
-61,79,9
-128,-33,85
-128,-97,127
-128,-128,126
-128,-128,93
-92,-113,34
-21,-77,5
10,-80,-5
51,-77,-24
72,-70,-33
80,-55,-50
49,-62,-40
37,-64,-29
22,-65,-8
10,-74,10
-128,-128,127
-128,-128,109
-128,-120,98
-92,-31,42
-68,5,29
-42,40,12
-30,63,3
-29,69,0
-27,74,6
-28,75,9
-67,47,21
-128,-3,23
-128,-25,46
-128,-128,73
-128,-128,61
-68,-112,25
-5,-54,-21
20,-53,-29
79,-49,-35
83,-42,-35
71,-43,-36
37,-55,-38
25,-64,-29
-15,-82,-3
-79,-114,25
-128,-128,116
-128,-128,114
-128,-107,103
-42,-13,49
-43,14,39
-50,41,25
-39,84,-2
-25,90,-3
-24,76,5
-33,64,8
-86,13,30
-128,-9,62
-128,-36,92
-128,-128,36
-128,-128,30
-25,-81,-3
3,-59,-24
16,-57,-24
64,-49,-32
64,-42,-38
58,-38,-34
31,-46,-28
27,-49,-23
-35,-85,-15
-128,-112,58
-128,-128,116
-128,-128,124
-116,-116,99
-69,-26,53
-62,5,47
-58,32,18
-45,58,9
-46,71,2
-46,78,7
-42,77,9
-83,51,9
-128,-12,48
-128,-80,95
-128,-128,81
-128,-128,58
-63,-95,21
-7,-66,0
10,-61,-4
44,-46,-16
59,-38,-25
78,-32,-36
49,-43,-33
40,-49,-31
25,-52,-20
-14,-63,32
-128,-128,115
-128,-128,112
-128,-128,100
-89,-28,62
-62,27,29
-64,41,22
-46,63,18
-44,73,13
-40,76,14
-40,74,16
-75,46,28
-128,-36,76
-128,-114,121
-128,-128,85
-128,-128,64
-47,-93,6
9,-63,-17
32,-55,-23
70,-34,-41
78,-27,-45
64,-32,-40
37,-45,-35
29,-51,-30
4,-71,1
-63,-99,119
-128,-128,127
-128,-128,123
-128,-81,100
-55,-3,48
-37,35,36
-33,48,25
-20,64,14
-22,62,15
-16,61,21
-38,56,28
-81,31,38
-128,-18,71
-128,-62,105
-128,-128,95
-128,-128,67
-46,-83,19
16,-73,-8
56,-66,-18
84,-35,-57
84,-26,-58
53,-34,-47
30,-44,-35
14,-52,-23
-74,-97,47
-128,-128,117
-128,-128,127
-111,-89,118
-71,-45,93
-55,7,55
-46,29,33
-38,41,27
-26,67,18
-18,75,17
-14,88,5
-46,60,7
-103,22,35
-128,-67,109
-128,-128,127
-128,-128,75
-55,-77,14
-20,-51,-4
22,-54,-16
41,-50,-24
70,-38,-32
66,-36,-28
55,-44,-23
26,-58,-18
17,-69,-12
-30,-111,19
-118,-128,43
-128,-128,113
-128,-84,84
-128,-43,64
-77,-1,49
-46,33,27
-38,43,24
-17,51,25
-6,59,23
3,63,15
-29,41,19
-86,13,30
-128,2,61
-128,-68,82
-128,-128,38
-68,-65,13
-26,-49,0
15,-65,-2
52,-57,-19
102,-20,-48
66,-34,-27
46,-44,-21
24,-53,-18
15,-60,-15
-71,-99,26
-128,-128,102
-128,-128,115
-128,-121,71
-95,-72,75
-53,-11,40
-47,38,7
-18,51,7
0,76,-6
-7,86,-9
-19,75,-3
-88,26,-7
-128,3,-4
-128,-87,47
-128,-128,44
-128,-128,40
-57,-88,10
-25,-70,4
13,-51,-4
30,-52,-15
64,-46,-38
80,-46,-47
66,-49,-43
36,-52,-33
21,-58,-25
-79,-113,46
-128,-128,110
-128,-128,122
-128,-78,82
-84,-45,54
-48,6,28
-34,38,7
-28,50,-1
-25,76,0
-24,80,7
-52,65,16
-104,11,29
-128,-2,41
-128,-97,103
-128,-128,95
-128,-128,39
-55,-96,19
-25,-80,8
15,-85,3
49,-84,-14
79,-58,-32
72,-51,-31
54,-57,-30
29,-58,-22
20,-63,-14
-88,-111,36
-128,-128,54
-128,-128,98
-128,-128,87
-127,-68,61
-82,15,28
-55,38,10
-44,47,8
-25,69,5
-18,79,6
-24,78,8
-69,33,13
-123,3,21
-128,-43,62
-128,-114,88
-128,-128,83
-91,-114,38
-32,-88,8
11,-76,-29
30,-79,-43
60,-64,-60
65,-49,-54
55,-50,-51
36,-64,-36
25,-75,-26
-6,-91,13
-128,-128,124
-128,-128,127
-128,-128,104
-128,-104,88
-77,-16,47
-67,25,20
-50,37,18
-36,67,12
-32,84,15
-29,109,19
-93,72,46
-128,18,68
-128,-99,127
-128,-128,127
-128,-128,84
-50,-114,7
-17,-90,-18
22,-57,-32
37,-44,-37
62,-33,-44
48,-42,-41
39,-46,-38
23,-57,-30
17,-68,-25
-30,-100,30
-128,-128,96
-128,-128,125
-128,-128,117
-118,-113,97
-76,-14,44
-61,40,26
-56,61,16
-52,91,10
-50,87,13
-45,64,23
-74,23,38
-124,-11,53
-128,-105,120
-128,-128,125
-128,-128,77
-54,-112,8
-19,-93,-12
21,-79,-37
44,-71,-49
86,-41,-54
70,-44,-39
58,-56,-39
41,-78,-26
31,-85,-9
-64,-128,57
-128,-128,92
-128,-128,105
-128,-128,89
-100,-88,74
-87,-5,42
-64,34,31
-57,45,31
-45,68,31
-45,73,32
-54,60,39
-93,6,38
-128,-23,38
-128,-128,84
-128,-128,86
-128,-128,43
-45,-102,-5
-17,-87,-19
21,-64,-30
35,-54,-36
83,-30,-47
72,-40,-36
56,-50,-35
37,-65,-29
26,-75,-20
-69,-109,54
-128,-128,127
-128,-128,127
-126,-110,127
-83,-49,95
-61,16,45
-38,44,24
-31,60,17
-21,85,17
-21,85,20
-47,59,33
-110,4,55
-128,-35,77
-128,-128,127
-128,-128,127
-128,-128,76
-22,-92,-6
12,-76,-32
74,-47,-41
83,-38,-54
76,-33,-46
44,-47,-34
35,-60,-34
0,-82,-14
-44,-105,31
-128,-128,113
-128,-128,127
-89,-128,127
-64,-60,83
-48,-17,53
-51,21,35
-39,47,15
-42,53,13
-37,54,13
-31,57,6
-24,69,11
-101,19,69
-128,-15,80
-128,-128,127
-128,-128,127
-108,-128,49
-16,-77,1
3,-64,-5
21,-49,-24
51,-39,-39
65,-37,-42
50,-41,-39
46,-47,-34
40,-57,-28
24,-58,-20
-124,-117,85
-128,-128,110
-128,-128,119
-128,-84,80
-90,-39,54
-56,21,33
-35,43,15
-23,49,5
-11,72,-7
-10,84,-6
-26,81,4
-122,18,32
-128,-27,58
-128,-128,120
-128,-128,107
-128,-128,60
-18,-88,1
12,-77,-6
53,-58,-41
74,-48,-46
73,-37,-46
48,-44,-50
35,-50,-47
13,-61,-25
0,-74,-8
-109,-128,75
-128,-128,119
-128,-128,120
-121,-88,92
-93,-43,66
-71,15,34
-44,52,7
-40,70,-1
-36,94,0
-34,95,4
-82,62,19
-128,-18,56
-128,-63,83
-128,-128,98
-128,-128,74
-62,-128,23
10,-79,-6
34,-58,-13
68,-21,-35
71,-15,-39
63,-28,-32
44,-48,-43
34,-66,-49
2,-95,-41
-32,-112,-21
-128,-128,60
-128,-128,107
-128,-128,109
-87,-75,94
-51,-41,85
-68,14,11
-18,56,-18
-12,68,-26
-17,87,-26
-17,94,-17
-57,81,-1
-128,0,41
-128,-43,68
-128,-128,98
-128,-128,84
-99,-128,36
-2,-92,8
27,-73,-1
84,-44,-29
95,-33,-31
87,-29,-30
48,-39,-32
37,-44,-25
21,-63,-7
4,-79,11
-128,-128,89
-128,-128,127
-128,-128,116
-77,-35,68
-76,-4,50
-49,33,23
-32,65,12
-23,80,9
-15,95,7
-18,91,9
-64,49,23
-128,-52,86
-128,-128,127
-128,-128,102
-128,-128,71
-27,-107,6
23,-66,-16
39,-58,-19
69,-38,-33
78,-26,-35
68,-28,-35
40,-44,-30
27,-50,-23
-17,-76,6
-107,-118,38
-128,-128,106
-128,-128,116
-128,-110,103
-81,-21,60
-75,6,43
-57,37,22
-34,80,6
-27,97,3
-30,93,3
-31,76,8
-110,14,26
-128,-53,80
-128,-116,93
-128,-128,52
-128,-128,38
-27,-112,-3
27,-93,-23
52,-78,-21
110,-45,-47
119,-28,-39
78,-56,-28
42,-81,-24
25,-97,-8
-125,-128,86
-128,-128,113
-128,-128,127
-114,-64,68
-75,-22,52
-62,30,21
-50,42,15
-39,70,8
-32,84,8
-42,78,9
-62,48,18
-97,20,24
-128,-49,54
-128,-128,105
-128,-128,96
-112,-128,45
-51,-103,21
2,-64,-14
25,-56,-23
44,-49,-31
60,-42,-41
66,-40,-39
46,-46,-38
26,-51,-26
13,-53,-17
-94,-101,42
-128,-128,88
-128,-128,127
-128,-91,110
-92,-45,81
-55,6,45
-43,32,21
-39,46,11
-30,71,1
-28,81,0
-43,89,14
-81,61,32
-128,-24,75
-128,-128,127
-128,-128,114
-119,-128,48
-44,-103,12
16,-69,-26
47,-45,-33
59,-36,-30
62,-27,-28
42,-37,-28
33,-40,-28
17,-54,-21
-4,-67,-1
-128,-128,84
-128,-128,103
-128,-128,102
-128,-59,62
-103,-24,55
-39,27,35
-36,45,26
-21,75,15
-12,107,7
-16,107,6
-53,64,4
-113,33,13
-128,-36,55
-128,-128,68
-128,-128,58
-65,-88,23
-28,-57,5
5,-40,-12
32,-45,-26
50,-43,-32
58,-46,-40
43,-55,-36
35,-61,-33
19,-63,-17
-8,-66,8
-128,-128,96
-128,-128,127
-128,-128,106
-120,-27,88
-89,10,57
-59,48,18
-37,75,14
-31,91,17
-31,97,15
-32,86,16
-105,38,28
-128,-3,39
-128,-90,88
-128,-128,66
-128,-128,38
-31,-91,8
-1,-68,-11
54,-61,-22
101,-40,-44
99,-35,-37
70,-42,-35
55,-50,-37
19,-65,-27
-85,-120,35
-128,-128,80
-128,-128,112
-128,-104,93
-101,-57,77
-64,2,50
-63,13,43
-45,37,24
-17,54,25
-11,67,21
-5,97,11
-14,99,8
-128,48,13
-128,-98,114
-128,-128,112
-128,-128,64
-109,-128,33
-22,-95,4
37,-86,-16
62,-70,-30
78,-48,-34
76,-43,-31
50,-50,-36
42,-58,-33
25,-68,-15
-112,-128,57
-128,-128,118
-128,-128,125
-128,-62,82
-88,-27,63
-59,9,30
-43,29,25
-22,54,17
-11,78,11
-11,95,14
-27,105,1
-54,86,-4
-128,5,33
-128,-107,98
-128,-128,100
-128,-128,70
-81,-125,31
11,-102,10
64,-84,-28
85,-62,-34
93,-35,-47
75,-37,-51
45,-50,-44
20,-59,-27
0,-73,-10
-128,-128,92
-128,-128,119
-128,-128,127
-94,-51,95
-62,-18,67
-60,26,33
-43,40,25
-26,63,5
-23,83,5
-18,88,9
-35,61,16
-88,26,24
-128,-21,64
-128,-124,106
-128,-128,89
-107,-100,39
-53,-68,13
-12,-42,-17
30,-48,-28
53,-40,-35
75,-35,-45
69,-40,-46
36,-56,-34
18,-75,-15
-13,-95,10
-128,-128,93
-128,-128,95
-128,-127,91
-96,-45,60
-79,-17,35
-79,29,17
-66,49,7
-53,93,-2
-46,107,14
-50,96,18
-112,36,37
-128,-1,46
-128,-64,87
-128,-128,93
-128,-128,75
-90,-117,26
-42,-87,2
2,-74,-14
37,-67,-28
49,-58,-28
60,-49,-36
53,-49,-44
34,-60,-42
18,-66,-21
5,-71,-4
-128,-128,72
-128,-128,100
-128,-128,118
-128,-79,95
-108,-37,71
-80,18,40
-63,37,27
-45,77,15
-40,97,15
-37,85,15
-54,49,17
-89,20,25
-128,-36,51
-128,-128,100
-128,-128,93
-124,-124,52
-59,-89,28
-10,-52,-7
34,-63,-23
51,-63,-34
71,-51,-50
70,-49,-46
34,-60,-26
22,-79,-12
0,-88,1
-128,-128,83
-128,-128,111
-128,-128,123
-128,-66,88
-95,-24,58
-67,29,25
-56,43,14
-49,78,9
-50,96,20
-63,81,23
-89,40,32
-120,9,40
-128,-45,50
-128,-128,97
-128,-128,56
-91,-128,24
-42,-98,4
-11,-45,-12
16,-27,-14
31,-28,-22
57,-23,-37
60,-24,-45
50,-38,-39
45,-45,-28
47,-50,-26
-107,-128,50
-128,-128,98
-128,-128,127
-111,-100,109
-79,-43,72
-72,10,38
-53,30,24
-38,70,5
-32,92,2
-32,85,6
-66,42,21
-106,10,27
-128,-58,77
-128,-128,127
-128,-128,127
-67,-127,51
-26,-100,22
28,-81,-13
69,-51,-49
72,-39,-54
73,-36,-40
52,-43,-39
31,-55,-40
-4,-76,-21
-35,-83,-4
-128,-128,82
-128,-128,127
-128,-128,113
-100,-58,79
-78,-17,58
-52,34,19
-49,50,10
-41,74,-3
-44,80,-2
-46,74,4
-85,36,14
-128,0,30
-128,-52,86
-128,-128,99
-128,-128,81
-69,-121,25
-21,-91,6
22,-66,-11
37,-46,-23
49,-36,-27
58,-27,-38
53,-27,-40
41,-41,-39
23,-49,-28
2,-50,-13
-128,-128,45
-128,-128,86
-128,-128,108
-128,-93,87
-79,-51,107
-73,9,49
-80,36,34
-40,74,-10
-50,72,-8
-47,62,-2
-65,18,13
-92,-5,25
-128,-23,50
-128,-92,93
-128,-116,76
-82,-70,41
-30,-44,19
26,-28,-4
59,-26,-22
62,-24,-25
46,-23,-23
22,-24,-18
4,-30,-16
-75,-96,18
-114,-128,8
-75,-112,68
-58,-128,70
-128,-128,58
-70,-72,95
-75,-28,67
-98,16,61
-60,44,45
-49,86,12
-36,89,6
-42,84,4
-69,52,18
-105,26,21
-128,-40,61
-128,-128,103
-128,-128,89
-77,-112,30
-23,-71,2
22,-51,-24
52,-30,-44
58,-30,-44
47,-36,-43
37,-44,-45
27,-59,-35
6,-68,-12
-46,-90,23
-128,-128,102
-128,-128,127
-128,-89,124
-73,-9,18
-55,15,9
-57,43,27
-45,53,17
-15,68,-8
-18,70,-9
-18,69,-4
-23,57,1
-63,36,16
-128,-31,104
-128,-128,127
-128,-128,118
-111,-105,43
-43,-79,14
9,-55,-5
42,-60,-25
47,-57,-31
61,-44,-43
57,-38,-47
34,-40,-41
28,-49,-31
20,-52,-15
-128,-126,97
-128,-128,111
-128,-128,127
-117,-49,91
-93,-19,61
-70,16,47
-59,30,35
-36,55,17
-21,75,10
-10,80,12
-6,83,10
-13,78,9
-128,5,66
-128,-128,127
-128,-128,89
-90,-123,26
-30,-69,1
3,-35,-5
28,-29,-25
35,-31,-32
50,-32,-44
55,-34,-48
42,-46,-51
32,-60,-40
15,-56,-22
-128,-128,65
-128,-128,87
-128,-128,82
-109,-43,59
-72,-11,55
-50,25,29
-43,34,24
-23,51,9
-12,77,6
-8,90,9
-24,90,11
-55,64,18
-128,-27,69
-128,-128,79
-128,-128,68
-78,-128,29
-32,-99,6
19,-71,-22
59,-56,-43
76,-42,-44
71,-27,-39
55,-32,-36
33,-42,-31
15,-54,-8
-26,-70,12
-128,-128,127
-128,-128,127
-128,-127,127
-80,-24,69
-65,4,48
-51,34,28
-41,50,27
-25,87,25
-18,91,22
-28,83,26
-94,29,46
-128,-9,50
-128,-102,125
-128,-128,86
-128,-128,60
-39,-90,8
-15,-72,-12
39,-49,-32
69,-30,-44
72,-26,-49
62,-37,-35
49,-44,-33
23,-59,-19
-67,-96,40
-128,-106,62
-128,-128,120
-128,-128,118
-128,-89,93
-48,-30,53
-40,-12,41
-41,23,27
-27,40,24
-17,74,8
-24,87,9
-31,85,12
-93,43,5
-128,10,19
-128,-51,74
-128,-128,84
-128,-128,67
-51,-110,21
-5,-94,1
47,-83,-9
86,-46,-29
93,-31,-28
56,-33,-20
41,-40,-24
23,-50,-18
-2,-75,25
-100,-121,58
-128,-128,109
-128,-128,127
-109,-90,87
-59,-14,43
-73,5,32
-50,34,14
-32,55,4
-24,67,4
-12,82,14
-17,77,14
-55,45,19
-127,18,23
-128,-128,96
-128,-128,55
-128,-128,42
-30,-90,0
-10,-78,-9
32,-66,-21
76,-45,-41
86,-40,-40
79,-41,-37
56,-44,-37
30,-63,-26
-49,-107,28
-128,-128,67
-128,-128,95
-128,-128,97
-96,-88,87
-61,-1,34
-59,21,26
-40,52,6
-34,62,0
-27,84,5
-27,88,14
-41,72,23
-128,-5,59
-128,-42,80
-128,-128,125
-128,-128,68
-108,-128,38
-12,-95,-10
13,-90,-16
63,-62,-37
94,-37,-36
92,-33,-32
55,-44,-34
43,-48,-31
23,-78,-13
-87,-128,47
-128,-128,93
-128,-128,47
-128,-128,16
-73,-52,42
-52,11,19
-78,26,5
-49,83,5
-47,98,16
-58,86,22
-85,58,24
-100,36,24
-128,-29,31
-128,-95,62
-128,-128,64
-84,-128,24
-35,-97,8
-15,-53,-15
5,-48,-15
39,-38,-24
78,-25,-39
84,-29,-41
59,-42,-35
54,-53,-32
54,-68,-20
-127,-128,37
-128,-128,30
-128,-128,109
-128,-128,82
-119,-32,54
-68,15,36
-75,32,27
-55,87,25
-41,106,22
-39,97,23
-59,48,31
-86,18,33
-128,-39,52
-128,-128,57
-128,-128,49
-64,-106,12
-32,-69,-5
2,-55,-7
46,-37,-15
66,-27,-25
86,-23,-31
76,-33,-31
49,-49,-27
36,-50,-24
8,-52,1
-128,-128,84
-128,-128,127
-128,-128,108
-128,-82,90
-46,5,48
-32,42,30
-25,55,25
-6,78,19
-6,78,23
-2,74,25
-65,35,36
-128,3,45
-128,-95,101
-128,-128,62
-128,-128,41
-13,-90,-19
9,-61,-34
36,-36,-11
85,-24,-13
75,-27,-22
69,-39,-16
55,-50,-23
28,-57,-18
-26,-82,14
-128,-106,62
-123,-128,127
-51,-128,127
-127,-128,84
-57,-39,60
-46,-17,52
-50,7,41
-48,24,21
-28,56,10
-28,73,11
-23,84,23
-68,42,33
-118,14,44
-128,-55,127
-128,-128,123
-128,-128,86
-34,-117,23
-21,-84,-2
7,-64,-21
55,-55,-37
69,-46,-50
54,-38,-45
45,-45,-35
26,-51,-22
1,-60,5
-54,-81,41
-128,-128,127
-128,-128,127
-128,-114,119
-58,-8,68
-46,17,48
-38,45,18
-31,58,12
-13,74,8
-20,64,17
-30,52,29
-105,2,60
-115,-17,80
-128,-55,127
-128,-128,106
-128,-116,71
-45,-55,3
-19,-43,-13
30,-39,-25
47,-38,-31
53,-39,-31
43,-43,-28
34,-44,-22
20,-48,-11
-10,-70,11
-74,-86,30
-128,-128,110
-128,-128,121
-128,-87,80
-70,-6,44
-63,17,45
-63,48,28
-44,56,28
-26,66,22
-27,64,29
-30,52,30
-96,9,32
-128,-9,38
-128,-105,100
-128,-128,50
-120,-128,25
-22,-76,-11
3,-64,-19
55,-35,-14
66,-20,-28
65,-19,-26
46,-35,-27
33,-38,-23
15,-47,-7
-62,-89,43
-128,-104,83
-128,-128,110
-128,-128,107
-119,-46,49
-62,7,35
-49,24,28
-18,41,19
-7,53,14
7,66,11
-9,73,10
-30,68,11
-128,26,-9
-128,-15,-15
-128,-128,-16
-128,-121,0
-68,-96,-14
-4,-40,-24
6,-38,-23
33,-46,-7
58,-35,-10
57,-30,-18
55,-37,-30
47,-43,-31
5,-58,-22
-75,-92,41
-128,-128,56
-128,-128,122
-128,-128,108
-81,-48,59
-54,13,19
-41,27,20
-24,58,14
-19,73,7
-22,76,9
-30,60,11
-42,49,9
-128,-3,32
-128,-14,56
-128,-128,63
-128,-103,28
-103,-88,13
-19,-59,-16
4,-61,-17
53,-54,-14
66,-37,-29
63,-35,-32
38,-50,-26
30,-55,-19
1,-71,3
-128,-128,49
-128,-128,88
-128,-110,109
-128,-60,90
-58,-1,48
-50,39,61
-52,53,11
-5,55,11
-13,62,3
7,65,4
8,65,2
-14,50,-2
-128,-1,31
-128,-71,84
-128,-128,49
-70,-80,21
-36,-48,2
-5,-42,-8
11,-40,-13
43,-49,-27
59,-44,-36
56,-46,-38
34,-54,-35
21,-62,-28
-31,-98,4
-128,-128,57
-128,-128,74
-128,-128,106
-128,-93,85
-62,-30,35
-81,7,21
-59,29,12
-44,58,8
-40,72,11
-48,103,18
-96,66,26
-128,29,33
-128,-18,93
-128,-69,120
-128,-128,92
-70,-90,19
-20,-67,-13
20,-57,-26
32,-52,-24
27,-52,-16
15,-47,-20
10,-50,-25
-8,-60,-22
-26,-56,-2
-67,-44,20
-128,-38,96
-128,-64,127
-128,-77,120
-123,-59,104
-53,-27,53
-33,0,27
-31,12,18
-27,40,8
-28,54,6
-35,85,12
-77,74,31
-114,48,42
-128,-4,85
-128,-57,110
-128,-128,97
-95,-111,39
-41,-83,8
5,-65,-17
27,-66,-24
48,-51,-28
43,-51,-24
34,-52,-29
16,-57,-20
8,-65,-11
-16,-73,8
-128,-128,89
-128,-128,111
-128,-120,69
-128,-62,63
-57,-6,32
-67,34,25
-51,48,15
-38,77,6
-33,89,6
-28,92,11
-46,61,21
-87,31,32
-128,-7,64
-128,-50,83
-128,-128,59
-76,-127,24
-15,-91,0
24,-55,-20
39,-49,-19
61,-33,-38
49,-33,-27
40,-40,-24
29,-51,-22
19,-59,-14
-36,-80,28
-128,-128,103
-128,-128,112
-128,-117,104
-119,-74,82
-52,-12,43
-46,21,30
-34,34,21
-29,59,10
-25,69,11
-18,83,20
-47,67,39
-84,36,60
-128,-69,127
-128,-128,127
-128,-128,77
-61,-101,9
-28,-69,-6
17,-39,-17
34,-30,-20
55,-25,-24
56,-31,-24
51,-36,-25
31,-43,-24
28,-55,-22
-59,-101,35
-128,-128,101
-128,-128,126
-128,-105,123
-110,-70,99
-59,-3,32
-43,30,22
-33,43,20
-17,71,8
-12,84,4
-4,91,15
-41,56,29
-98,32,28
-128,-9,33
-128,-117,69
-128,-128,69
-56,-93,10
-24,-55,-9
35,-48,-5
54,-43,-16
68,-31,-28
59,-31,-22
51,-35,-25
31,-47,-22
17,-54,-11
-128,-117,54
-128,-128,105
-128,-128,118
-122,-78,85
-87,-45,41
-56,0,35
-49,35,30
-43,49,22
-23,70,9
-17,83,8
-16,83,14
-60,37,27
-128,11,43
-128,-51,85
-128,-128,90
-128,-123,49
-37,-63,7
-13,-53,-10
42,-67,4
62,-48,-14
77,-28,-40
59,-40,-37
38,-46,-32
25,-62,-24
17,-71,-18
-128,-128,59
-128,-128,127
-128,-128,125
-123,-62,94
-84,-19,60
-79,25,33
-59,68,24
-48,89,15
-39,90,12
-37,78,12
-54,51,17
-128,-9,42
-128,-48,84
-128,-128,61
-128,-128,35
-28,-84,-7
6,-43,12
36,-41,29
98,-15,-27
97,-19,-34
67,-37,-18
30,-48,-30
27,-56,-31
-3,-81,-4
-81,-128,35
-128,-128,97
-128,-128,105
-128,-79,83
-58,-19,53
-37,4,43
-21,26,52
-27,59,9
-16,75,7
-2,90,8
-12,64,4
-71,41,2
-128,10,26
-128,-27,37
-128,-128,36
-128,-104,30
-44,-65,1
5,-73,-1
47,-77,9
67,-47,-37
76,-42,-43
70,-44,-33
27,-49,-27
16,-55,-23
-53,-98,27
-128,-128,82
-128,-128,105
-128,-76,93
-120,-27,72
-57,29,40
-44,42,32
-19,54,30
-20,69,25
-9,73,26
5,66,14
-7,58,9
-128,21,35
-128,-33,74
-128,-95,83
-128,-128,65
-116,-121,42
-20,-53,-2
16,-61,11
38,-57,3
62,-40,-36
64,-36,-39
59,-40,-32
21,-49,-25
12,-50,-22
-34,-101,16
-128,-128,60
-128,-128,107
-128,-85,101
-128,-45,85
-55,6,81
-48,12,60
-57,46,17
-8,65,5
-2,78,-2
-4,88,0
-14,71,3
-128,18,18
-128,-111,101
-128,-128,80
-128,-128,44
-73,-115,20
-5,-66,-9
23,-48,-16
45,-38,-20
64,-23,-31
62,-26,-30
48,-40,-29
27,-50,-24
22,-62,-19
-70,-113,27
-128,-128,84
-128,-128,95
-128,-97,73
-86,-42,66
-38,5,38
-43,39,15
-26,51,9
-10,73,-2
-11,77,0
-17,68,12
-35,51,16
-128,0,43
-128,-97,110
-128,-128,111
-128,-128,46
-85,-126,25
-12,-79,-15
31,-59,-17
49,-50,-24
73,-24,-44
72,-23,-40
42,-37,-29
31,-50,-29
23,-63,-22
-128,-128,57
-128,-128,117
-128,-128,127
-110,-55,89
-61,-25,65
-31,22,42
-40,46,23
-25,52,19
-11,55,9
-12,57,7
-21,65,10
-75,26,23
-128,10,35
-128,-84,85
-128,-128,90
-124,-123,57
-80,-89,33
-18,-60,-3
21,-74,-14
48,-66,-31
97,-37,-48
103,-40,-49
51,-64,-37
39,-85,-24
23,-96,-15
-87,-128,14
-128,-128,68
-128,-128,78
-128,-126,65
-88,-85,57
-88,-24,37
-44,25,24
-37,46,13
-45,77,9
-42,82,13
-42,80,14
-88,30,19
-128,-6,31
-128,-116,75
-128,-128,82
-128,-128,56
-42,-105,15
-7,-95,2
75,-69,-39
103,-45,-52
87,-34,-48
52,-52,-42
41,-66,-43
7,-89,-26
-13,-101,-5
-128,-128,82
-128,-128,118
-128,-128,127
-79,-92,88
-60,-44,64
-48,11,33
-35,51,20
-26,66,17
-28,90,13
-30,92,11
-51,68,9
-128,-17,45
-128,-61,75
-128,-128,108
-128,-128,80
-73,-119,29
-7,-85,-8
13,-78,-19
55,-56,-32
82,-41,-43
77,-27,-43
45,-45,-36
41,-56,-35
-4,-82,-26
-71,-111,16
-128,-128,94
-128,-128,105
-128,-128,107
-62,-47,53
-47,-22,31
-52,16,28
-41,54,16
-38,70,10
-42,106,17
-47,99,28
-90,38,28
-128,-23,54
-128,-75,95
-128,-128,80
-128,-128,41
-6,-82,-15
-6,-64,-11
22,-56,-8
87,-32,-31
77,-27,-41
57,-38,-35
28,-53,-29
13,-61,-22
-60,-109,4
-128,-128,35
-128,-128,72
-128,-128,93
-128,-89,94
-59,-21,48
-50,1,36
-73,27,32
-38,62,9
-32,74,3
-26,79,5
-29,77,5
-77,41,9
-128,-32,66
-128,-66,90
-128,-128,96
-128,-128,61
8,-78,-13
-18,-62,-17
13,-79,3
74,-59,-32
70,-51,-48
53,-58,-33
31,-79,-25
26,-85,-23
-64,-119,30
-128,-128,62
-128,-128,105
-128,-103,119
-128,-68,103
-46,-7,51
-44,14,46
-45,47,19
-21,67,-2
-21,74,-2
-26,68,7
-25,53,6
-113,3,23
-128,-28,71
-128,-81,83
-128,-128,63
-128,-110,43
-24,-71,-1
29,-76,-14
55,-63,-26
79,-31,-40
82,-28,-35
49,-46,-37
26,-54,-27
17,-67,-21
-73,-128,30
-128,-128,73
-128,-128,101
-128,-103,82
-100,-62,63
-52,-7,32
-42,14,25
-36,51,15
-34,93,9
-35,101,10
-54,74,17
-83,44,21
-128,-27,49
-128,-128,62
-128,-128,64
-119,-128,25
-49,-105,13
9,-79,-14
51,-81,-16
70,-66,-30
78,-40,-39
78,-39,-30
35,-58,-35
-2,-70,-24
-47,-90,-6
-128,-119,43
-128,-128,39
-128,-128,86
-128,-91,76
-88,-54,64
-52,-6,60
-88,13,22
-37,46,11
-34,79,-1
-37,93,-4
-36,89,7
-56,68,17
-128,12,71
-128,-128,127
-128,-128,116
-108,-128,47
-54,-122,10
-10,-76,-29
31,-58,-44
51,-46,-51
76,-32,-57
72,-33,-51
43,-45,-44
26,-65,-33
16,-85,-15
-128,-128,55
-128,-128,95
-128,-128,127
-117,-71,76
-61,-30,92
-100,32,29
-40,49,25
-20,84,7
-33,83,9
-28,71,10
-52,32,20
-92,5,32
-128,-53,91
-128,-128,99
-128,-128,50
-96,-98,20
-50,-63,-2
-7,-47,-24
38,-50,-38
63,-45,-48
85,-34,-56
71,-43,-50
51,-60,-32
9,-68,17
-44,-76,63
-128,-122,106
-76,-128,127
-128,-128,127
-74,-48,79
-61,-18,53
-51,23,24
-38,34,18
-16,53,8
-14,81,4
-13,100,3
-49,98,12
-128,56,41
-128,-58,113
-128,-128,93
-128,-128,61
-58,-109,7
-18,-84,-8
18,-73,4
79,-46,-19
94,-36,-29
64,-45,-21
47,-54,-19
31,-66,-22
-20,-101,17
-128,-128,54
-128,-128,123
-128,-128,126
-128,-66,88
-73,-13,50
-68,4,41
-49,30,24
-37,46,14
-22,81,2
-24,95,9
-25,94,10
-88,43,24
-128,4,53
-128,-80,110
-128,-128,80
-128,-128,36
-28,-86,-1
-1,-74,-13
51,-58,-6
79,-31,-39
82,-29,-31
55,-45,-26
38,-52,-26
20,-65,-23
-67,-108,-11
-128,-128,30
-128,-128,127
-128,-128,127
-91,-77,88
-52,-6,57
-47,25,44
-40,66,13
-31,84,6
-35,103,4
-38,74,18
-57,49,20
-128,-4,38
-128,-22,60
-128,-113,96
-128,-128,67
-106,-110,54
-14,-71,-20
4,-70,-29
38,-73,-32
55,-47,-36
54,-40,-29
37,-41,-37
23,-52,-48
17,-83,-26
-50,-113,26
-128,-128,78
-128,-128,124
-128,-128,124
-96,-74,81
-68,-5,43
-73,11,32
-48,48,15
-42,62,7
-28,87,5
-31,98,17
-32,82,18
-98,16,30
-128,-25,50
-128,-128,127
-128,-128,46
-103,-128,27
-8,-79,29
23,-57,20
25,-20,-6
56,-13,-11
58,-15,-20
60,-20,-44
53,-29,-50
57,-58,-55
47,-117,-54
-72,-128,-28
-128,-128,101
-128,-128,69
-86,-81,85
-60,-3,54
-68,28,38
-35,64,19
-30,79,11
-22,91,8
-31,78,11
-55,59,12
-128,-17,32
-128,-64,58
-128,-128,79
-128,-128,46
-67,-121,22
-3,-68,-10
10,-55,-15
50,-37,-25
74,-23,-41
76,-23,-40
54,-46,-40
45,-59,-40
69,-93,-40
-56,-128,-13
-128,-128,31
-128,-128,121
-128,-128,84
-104,-48,30
-63,9,31
-49,28,24
-27,53,16
-32,66,13
-42,82,17
-68,58,25
-108,29,26
-128,-33,31
-128,-128,52
-128,-128,41
-110,-128,24
-47,-103,5
3,-65,-14
22,-55,-12
52,-36,-20
75,-26,-31
75,-31,-32
53,-45,-28
36,-52,-23
21,-67,-15
-128,-128,41
-128,-128,78
-128,-128,113
-128,-105,93
-43,-18,57
-39,27,34
-49,40,24
-16,62,11
-9,72,2
-23,89,1
-36,69,11
-90,40,17
-128,-19,56
-128,-61,75
-128,-128,64
-84,-102,13
-36,-70,-3
10,-61,-13
28,-61,-11
61,-48,-34
73,-36,-46
70,-44,-42
44,-63,-39
29,-77,-34
-2,-92,-5
-128,-128,60
-128,-128,107
-128,-128,101
-128,-97,82
-57,-12,66
-63,31,26
-37,46,24
-38,75,16
-43,82,13
-53,72,17
-86,24,28
-124,-5,38
-128,-83,72
-128,-128,71
-128,-128,46
-48,-86,3
-12,-73,-12
7,-75,-20
37,-71,-23
66,-55,-18
51,-53,-21
40,-53,-27
21,-62,-25
16,-70,-14
-75,-119,25
-128,-128,103
-128,-128,108
-128,-109,96
-98,-64,77
-57,0,38
-50,34,22
-41,49,13
-44,76,10
-43,87,14
-45,85,9
-99,27,24
-128,2,35
-128,-78,93
-128,-128,107
-128,-128,58
-26,-79,12
-3,-67,-5
40,-60,-8
60,-50,-28
82,-33,-31
57,-44,-32
41,-45,-32
24,-60,-26
18,-73,-20
-46,-118,7
-128,-128,86
-128,-128,114
-128,-114,98
-97,-66,80
-43,-10,59
-80,33,32
-47,64,27
-28,101,9
-29,100,11
-32,74,14
-109,16,24
-128,-15,48
-128,-102,96
-128,-128,100
-128,-128,59
-24,-88,13
6,-75,1
55,-71,-17
78,-60,-34
90,-41,-37
58,-47,-33
45,-50,-34
16,-70,-25
2,-82,-6
-128,-128,84
-128,-128,124
-128,-128,116
-87,-58,74
-73,-4,40
-63,8,32
-47,48,17
-38,77,15
-37,104,13
-42,82,8
-66,51,11
-128,-28,41
-128,-65,79
-128,-128,97
-128,-128,68
-87,-114,24
-18,-96,-25
17,-102,-38
64,-75,-43
89,-54,-54
81,-46,-43
47,-65,-31
32,-74,-20
-31,-104,31
-128,-128,77
-128,-128,127
-128,-118,116
-122,-63,95
-52,-5,48
-51,17,29
-25,46,22
-20,78,11
-19,90,12
-25,79,18
-56,43,25
-112,9,32
-128,-61,86
-128,-128,104
-128,-128,52
-48,-69,5
-10,-43,-13
35,-29,-14
55,-36,-25
79,-39,-31
59,-48,-28
47,-54,-28
24,-66,-22
10,-76,-13
-79,-128,24
-128,-128,102
-128,-128,112
-128,-128,62
-106,-68,55
-53,-4,30
-53,13,23
-51,61,16
-34,93,9
-30,99,8
-62,71,18
-128,10,21
-128,-30,34
-128,-128,127
-128,-128,87
-93,-128,37
-9,-83,-7
15,-66,-17
64,-50,-30
84,-42,-42
104,-33,-41
64,-58,-44
45,-66,-37
15,-87,-13
-28,-120,31
-128,-128,32
-128,-128,105
-128,-128,95
-89,-45,52
-49,-28,60
-74,1,29
-36,40,19
-5,53,16
-8,94,1
-8,104,2
-40,76,15
-104,47,25
-128,-115,125
-128,-128,101
-128,-128,66
-39,-91,12
-2,-61,-27
29,-57,-37
60,-44,-55
72,-44,-62
52,-52,-62
33,-64,-46
27,-72,-36
12,-83,0
-24,-113,39
-128,-128,109
-128,-128,60
-128,-128,41
-52,-30,63
-55,-1,60
-64,47,38
-27,87,26
-27,99,22
-33,89,20
-37,80,14
-107,22,13
-128,-79,58
-128,-128,67
-128,-128,26
-105,-128,8
-30,-75,-11
15,-50,-7
30,-40,-8
70,-24,-17
85,-13,-21
73,-17,-15
32,-33,-12
28,-35,-13
15,-67,-10
-60,-128,10
-128,-128,86
-128,-128,71
-128,-101,68
-79,1,53
-65,22,41
-55,66,24
-32,97,16
-25,96,15
-34,67,23
-60,40,26
-128,-34,56
-128,-128,97
-128,-128,76
-116,-128,14
-58,-99,-3
-4,-62,-26
34,-43,-23
54,-35,-28
73,-27,-43
76,-31,-39
50,-48,-30
31,-66,-24
24,-77,-20
-59,-128,32
-128,-128,90
-128,-128,120
-114,-105,88
-67,-45,66
-74,10,33
-65,30,22
-47,71,5
-48,89,5
-47,82,11
-62,56,21
-98,22,37
-128,-67,88
-128,-128,79
-128,-128,56
-51,-128,9
-5,-88,-5
34,-52,-2
74,-30,-35
77,-29,-30
61,-33,-26
51,-46,-35
26,-70,-33
11,-73,-16
1,-71,-1
-128,-128,90
-128,-128,112
-128,-128,114
-106,-54,69
-75,-19,55
-74,25,30
-55,45,22
-33,73,12
-26,84,13
-24,80,17
-56,38,19
-95,9,25
-128,-49,82
-128,-128,110
-128,-128,82
-80,-112,22
-28,-79,3
14,-62,-19
69,-56,-34
91,-42,-49
85,-36,-43
61,-43,-37
34,-63,-28
9,-89,-12
-30,-128,37
-128,-128,116
-128,-128,127
-128,-128,107
-74,-33,74
-56,-7,64
-66,36,42
-45,51,29
-27,62,19
-35,74,23
-26,71,24
-57,34,31
-117,3,45
-128,-64,98
-128,-128,93
-128,-128,48
-52,-98,7
-43,-89,5
35,-74,10
84,-37,-41
85,-26,-43
69,-24,-24
50,-32,-25
33,-50,-17
-32,-99,-13
-120,-123,5
-128,-128,41
-128,-128,69
-128,-106,64
-44,-40,53
-46,-15,45
-72,21,17
-56,46,11
-42,81,-3
-52,83,-2
-57,73,5
-111,16,28
-128,-24,50
-128,-124,111
-128,-128,75
-128,-112,48
-34,-66,2
1,-68,-16
59,-59,-46
67,-47,-41
60,-49,-37
46,-63,-36
37,-71,-32
10,-84,-11
-64,-103,25
-128,-128,74
-128,-128,110
-128,-128,119
-110,-64,90
-47,-3,57
-45,7,59
-47,41,27
-23,58,20
-10,89,3
-20,84,8
-37,60,13
-127,10,18
-128,-12,30
-128,-128,74
-128,-128,36
-102,-110,24
-18,-77,-7
0,-73,-10
57,-45,-12
95,-13,-43
118,-16,-40
67,-50,-42
35,-75,-46
-70,-127,-10
-128,-128,57
-128,-128,69
-128,-128,99
-128,-101,97
-67,-56,63
-48,-10,46
-49,7,35
-43,50,15
-40,71,12
-39,95,8
-38,82,15
-42,65,22
-128,-35,32
-128,-128,50
-128,-128,54
-71,-128,19
-39,-104,4
11,-89,-5
43,-71,-17
91,-38,-32
100,-21,-36
85,-30,-39
48,-48,-31
31,-60,-23
11,-77,-12
-86,-128,66
-126,-128,73
-128,-128,107
-128,-128,85
-100,-33,45
-88,30,24
-72,54,23
-54,92,22
-51,97,21
-41,92,23
-59,50,19
-113,1,38
-128,-128,110
-128,-128,81
-128,-128,50
-40,-103,14
-15,-71,3
13,-34,-7
23,-28,-10
51,-26,-27
63,-29,-47
56,-37,-44
43,-55,-31
39,-64,-25
19,-53,-7
-128,-128,106
-128,-128,127
-128,-128,91
-128,-89,69
-38,-18,41
-51,23,20
-37,36,17
-16,61,4
-14,76,3
-16,90,10
-63,48,16
-128,8,30
-128,-117,99
-128,-128,93
-128,-128,37
-26,-97,2
-1,-75,-11
37,-52,-12
68,-33,-30
73,-25,-32
56,-23,-26
45,-27,-23
26,-36,-22
21,-49,-18
-15,-84,14
-128,-128,69
-128,-128,93
-128,-128,72
-117,-79,73
-49,-8,52
-58,37,21
-32,51,16
-12,76,7
-10,78,8
-16,69,14
-71,16,27
-128,-25,41
-128,-128,54
-128,-128,38
-108,-128,24
-36,-55,0
-13,-38,1
26,-23,4
35,-22,-5
60,-17,-14
74,-25,-36
65,-35,-42
41,-53,-37
26,-60,-30
-128,-128,51
-128,-128,73
-128,-128,95
-77,-47,63
-48,-6,42
-51,41,40
-31,60,22
-19,63,15
-5,68,14
-1,66,13
-14,56,19
-122,-1,50
-128,-36,67
-128,-128,110
-128,-128,86
-115,-109,36
-19,-51,-2
-2,-47,-8
29,-52,-18
53,-50,-28
80,-30,-38
69,-37,-34
54,-48,-37
32,-69,-29
16,-77,-15
-128,-128,78
-128,-128,104
-128,-128,115
-92,-51,84
-52,-23,66
-60,13,35
-29,45,21
-22,61,11
-9,80,7
-10,80,11
-35,55,23
-128,-12,48
-128,-43,74
-128,-128,98
-128,-128,64
-74,-106,15
-13,-62,-23
7,-57,-25
44,-28,-21
56,-17,-25
63,-17,-24
44,-31,-22
35,-36,-23
25,-56,-11
18,-61,4
-128,-128,99
-128,-128,111
-128,-128,95
-75,-36,48
-50,-14,24
-38,37,22
-19,65,12
-16,76,7
-26,80,15
-26,72,20
-77,40,28
-128,-16,62
-128,-65,96
-128,-128,67
-128,-128,50
-34,-82,0
9,-46,-13
23,-38,-13
57,-30,-27
65,-27,-29
60,-32,-26
43,-53,-30
32,-65,-25
0,-89,21
-128,-128,57
-128,-128,109
-128,-106,103
-128,-57,79
-42,2,41
-31,20,30
-33,46,14
-16,71,5
-13,80,1
-3,81,2
-9,77,5
-95,39,12
-128,-27,70
-128,-90,74
-128,-128,56
-121,-116,35
-16,-57,-3
21,-50,-6
40,-49,-11
63,-42,-24
65,-38,-21
54,-36,-21
27,-43,-15
21,-50,-9
-25,-81,20
-128,-128,63
-128,-128,127
-128,-84,89
-128,-41,77
-49,9,36
-32,26,24
-21,40,20
-13,80,15
-7,95,11
-11,80,18
-31,55,28
-128,1,36
-128,-66,109
-128,-128,98
-128,-101,53
-79,-82,22
-1,-52,-16
53,-59,-17
82,-45,-31
80,-35,-50
56,-53,-41
43,-64,-39
13,-77,-28
-39,-110,9
-128,-128,105
-128,-128,127
-128,-122,127
-76,-55,88
-47,-30,64
-30,14,39
-35,49,20
-26,65,15
-27,81,9
-33,78,12
-50,50,17
-87,28,25
-128,-40,77
-128,-128,127
-128,-128,100
-88,-113,30
-36,-82,7
9,-59,3
47,-35,-18
56,-26,-34
62,-19,-35
53,-26,-29
35,-45,-36
22,-66,-39
2,-82,-15
-128,-128,61
-128,-128,99
-128,-128,97
-128,-64,62
-95,-35,50
-59,11,43
-44,54,29
-27,75,22
-15,107,15
-9,101,20
-19,75,21
-123,12,43
-128,-21,70
-128,-128,104
-128,-128,70
-98,-128,23
-50,-97,-1
3,-61,-23
37,-44,-35
61,-36,-45
82,-29,-52
68,-34,-42
45,-53,-35
23,-81,-18
6,-96,4
-128,-128,80
-128,-128,127
-128,-128,127
-76,-63,80
-68,-20,56
-52,22,30
-35,44,17
-28,57,12
-27,80,10
-20,80,18
-40,57,22
-128,3,58
-128,-24,99
-128,-128,127
-128,-128,127
-89,-127,49
-9,-67,-13
10,-60,-25
48,-56,-37
79,-47,-47
78,-38,-45
60,-41,-37
41,-52,-36
16,-81,-18
-9,-109,24
-128,-128,68
-128,-128,93
-128,-128,103
-75,-71,59
-87,-43,37
-81,21,17
-48,56,4
-51,70,5
-44,76,11
-43,66,20
-73,31,27
-128,-8,19
-128,-25,58
-128,-128,127
-128,-128,91
-95,-124,38
-17,-77,4
13,-67,-2
52,-48,-21
64,-40,-38
73,-31,-39
47,-45,-40
36,-47,-36
19,-54,-14
5,-66,1
-128,-128,40
-128,-128,127
-128,-128,127
-111,-42,78
-79,-19,68
-60,15,40
-26,49,19
-17,65,8
-9,95,-3
-3,99,2
-8,79,2
-128,21,30
-128,-24,82
-128,-128,103
-128,-128,68
-78,-128,24
-15,-83,-13
13,-81,-17
81,-44,-23
91,-26,-36
78,-26,-29
37,-46,-29
30,-50,-24
19,-75,-13
3,-88,5
-128,-128,82
-128,-128,120
-128,-128,102
-90,-39,70
-45,-16,46
-29,21,23
-19,49,18
-10,57,15
-4,64,13
-4,63,15
-7,52,30
-128,4,38
-128,-24,49
-128,-128,88
-128,-128,66
-102,-111,19
-24,-70,-24
1,-67,-32
47,-69,-34
70,-60,-34
82,-35,-35
50,-50,-32
37,-61,-29
9,-75,-11
-43,-104,16
-128,-128,39
-128,-128,118
-128,-128,120
-71,-40,60
-39,-4,43
-52,25,41
-51,53,12
-17,57,10
-8,64,-1
-17,60,-1
-52,47,8
-128,11,11
-128,-4,32
-128,-117,55
-128,-128,44
-96,-77,16
-14,-44,-9
-9,-56,-9
39,-61,-6
59,-57,-16
72,-47,-32
55,-58,-30
41,-64,-24
24,-92,-14
-55,-128,19
-128,-128,85
-128,-128,96
-128,-83,87
-80,-9,17
-65,18,19
-64,49,25
-37,57,8
-28,65,5
-25,75,13
-29,75,18
-78,41,27
-128,-33,72
-128,-91,96
-128,-128,67
-128,-128,35
-34,-87,-13
19,-63,-11
40,-49,-11
56,-29,-29
64,-24,-24
53,-31,-20
35,-37,-20
28,-43,-16
-2,-77,21
-111,-128,71
-128,-128,127
-128,-116,113
-104,-53,93
-63,11,32
-68,35,32
-41,63,28
-21,86,8
-16,89,4
-12,79,14
-15,64,31
-128,19,73
-128,-77,127
-128,-128,127
-128,-123,61
-80,-96,23
-11,-57,-8
28,-57,-15
43,-45,-21
71,-27,-34
72,-25,-37
56,-31,-34
42,-61,-17
32,-76,-5
-127,-128,96
-128,-128,111
-128,-128,127
-128,-63,110
-77,-36,83
-41,9,44
-33,14,58
-29,51,25
-12,69,9
-7,73,7
-23,74,7
-34,59,14
-128,8,24
-128,-103,127
-128,-128,127
-119,-128,70
-59,-94,38
-8,-48,-14
34,-39,-12
46,-33,-18
45,-30,-45
49,-34,-46
42,-51,-42
32,-74,-35
28,-84,-35
-128,-128,86
-128,-128,121
-128,-128,127
-125,-66,127
-72,-28,98
-39,20,40
-33,29,31
-16,49,12
-12,63,-3
-11,65,-3
-13,65,-3
-40,52,1
-128,-4,92
-128,-128,111
-128,-128,78
-97,-117,37
-38,-85,15
9,-56,2
62,-45,-16
81,-35,-33
85,-25,-40
61,-31,-34
34,-38,-23
19,-52,-20
9,-65,-8
-128,-128,86
-128,-128,107
-128,-128,121
-102,-68,72
-54,-38,54
-36,-1,29
-30,18,22
-9,41,12
-2,71,8
-2,88,11
-16,85,23
-54,60,29
-128,-14,85
-128,-128,87
-128,-128,61
-58,-98,15
-29,-72,-2
23,-81,-2
77,-48,-26
94,-36,-30
77,-42,-18
32,-51,-19
23,-53,-15
15,-77,-4
-21,-105,20
-128,-128,116
-128,-128,127
-128,-95,83
-50,-28,59
-35,-5,29
-41,40,10
-26,53,7
-12,63,0
-18,62,5
-25,62,11
-49,40,16
-106,13,33
-128,-47,87
-128,-128,69
-128,-128,46
-39,-85,10
-19,-71,-5
40,-65,-1
82,-41,-35
95,-31,-28
66,-35,-22
41,-45,-28
24,-44,-23
7,-61,-5
-53,-90,22
-128,-128,91
-128,-128,127
-106,-128,77
-60,-37,58
-24,-21,119
-84,20,16
-57,31,1
-4,62,-7
-11,100,-17
-24,92,-12
-92,43,-5
-128,9,8
-128,-62,50
-128,-128,52
-128,-128,45
-38,-80,15
-20,-66,8
40,-89,13
127,-63,-34
112,-43,-40
83,-61,-19
43,-78,-27
17,-88,-16
-128,-128,56
-128,-128,98
-128,-128,124
-128,-119,108
-77,-25,68
-44,21,56
-29,27,45
-67,62,10
-29,65,18
-20,72,9
-38,62,15
-45,51,19
-128,12,34
-128,-24,59
-128,-128,80
-128,-127,42
-63,-88,23
-33,-39,-15
-20,-50,-13
37,-48,-18
69,-33,-42
76,-38,-46
63,-52,-39
49,-53,-30
28,-53,-22
-102,-113,40
-128,-128,70
-128,-128,126
-128,-128,121
-82,-39,85
-5,14,127
-53,34,57
-31,72,29
-5,78,25
-8,75,13
-56,57,23
-123,24,32
-128,-25,41
-128,-70,60
-128,-128,44
-49,-77,14
-23,-52,-5
22,-65,3
57,-55,1
86,-42,-37
94,-40,-23
68,-50,-21
27,-57,-17
14,-64,-19
-49,-122,14
-128,-128,90
-128,-128,127
-128,-107,79
-126,-50,58
-49,7,63
-50,25,27
-75,47,8
-11,59,13
-7,69,9
-8,72,5
-76,34,20
-128,10,22
-128,-77,90
-128,-128,87
-126,-103,49
-15,-47,9
11,-51,-5
62,-48,-33
77,-48,-51
74,-44,-48
51,-53,-44
40,-64,-44
12,-90,-28
-5,-114,-3
-118,-128,39
-100,-128,35
-128,-128,14
-128,-77,13
-84,-45,13
-34,3,26
-59,42,-2
-60,57,-3
-42,85,12
-42,87,15
-81,41,23
-128,-12,23
-128,-45,38
-128,-128,61
-128,-128,57
-75,-128,10
4,-88,-13
27,-74,-18
77,-49,-32
103,-31,-34
76,-36,-30
44,-51,-34
29,-59,-30
10,-77,-12
-11,-107,16
-128,-128,75
-128,-128,127
-128,-128,103
-74,-46,68
-47,-15,63
-68,26,30
-22,60,16
-20,76,9
-31,80,8
-53,60,10
-99,31,19
-128,-31,57
-128,-73,73
-128,-128,57
-128,-128,38
-29,-76,-1
14,-74,2
35,-63,-1
72,-36,-28
87,-27,-21
64,-38,-22
34,-42,-23
30,-56,-18
-5,-97,6
-128,-128,82
-128,-128,107
-128,-108,86
-126,-51,71
-43,-4,45
-33,21,56
-45,38,31
-16,62,21
-8,69,17
-2,69,12
-12,61,11
-128,5,34
-128,-74,88
-128,-128,88
-128,-128,43
-66,-101,18
-2,-45,-8
54,-17,-8
72,-10,-18
73,-14,-31
77,-23,-23
45,-41,-30
24,-49,-23
17,-61,-19
-117,-128,35
-128,-128,87
-128,-128,102
-119,-67,83
-64,-35,66
-22,14,43
-45,32,46
-39,51,31
-13,69,14
-10,73,14
-16,72,11
-100,20,24
-128,-10,27
-128,-127,80
-128,-128,82
-107,-127,36
-32,-77,-6
-8,-68,-19
45,-36,-27
68,-24,-35
81,-26,-45
74,-37,-39
51,-54,-32
22,-84,-16
-37,-112,15
-128,-128,72
-128,-128,90
-128,-86,80
-53,-36,69
-16,-15,50
-19,-6,41
-15,26,26
-12,47,16
-24,73,10
-38,75,7
-58,59,11
-128,7,48
-128,-54,94
-128,-128,116
-128,-128,83
-46,-89,32
14,-56,-1
37,-44,-12
61,-15,-22
60,-1,-23
36,0,-18
8,-26,-9
-10,-51,-3
-93,-128,20
-128,-128,30
-128,-128,29
-95,-86,40
-55,-58,32
-32,-13,24
-42,6,18
-26,48,6
-21,63,-2
-24,88,-8
-28,88,-4
-48,77,0
-128,17,28
-128,-70,70
-128,-128,80
-128,-128,35
-83,-113,22
-18,-71,-20
25,-59,-18
43,-50,-23
77,-36,-35
77,-33,-35
48,-40,-36
21,-57,-35
-4,-72,-20
-128,-128,57
-128,-128,87
-128,-128,127
-94,-75,98
-62,-35,67
-57,17,31
-49,30,29
-30,62,6
-26,81,-2
-29,73,6
-51,49,14
-88,26,17
-128,-25,74
-128,-128,127
-128,-128,96
-66,-94,39
-36,-62,15
-12,-62,-12
43,-43,-23
62,-29,-39
60,-27,-58
57,-32,-56
36,-45,-37
15,-64,-18
-17,-84,6
-128,-128,98
-128,-128,127
-128,-99,126
-83,-28,87
-56,-9,63
-31,19,37
-24,29,28
-6,48,17
4,74,8
6,80,7
1,66,10
-27,40,18
-128,-23,74
-128,-128,71
-128,-128,45
-57,-73,4
-24,-46,-7
40,-39,-9
85,-23,-23
86,-17,-32
70,-30,-30
51,-38,-26
26,-59,-19
-36,-115,15
-128,-128,51
-128,-128,127
-128,-128,99
-94,-42,75
-21,5,43
-16,18,47
-29,41,22
-8,47,19
2,73,5
-1,71,2
-12,56,11
-128,2,44
-128,-32,50
-128,-128,72
-107,-121,27
-59,-93,3
-14,-47,-16
9,-43,-8
45,-36,-1
70,-24,-17
74,-23,-19
44,-38,-16
27,-48,-11
20,-66,-12
-90,-128,25
-128,-128,79
-128,-128,115
-128,-123,85
-72,-32,62
-31,8,36
-31,17,30
-26,41,17
-17,52,15
-7,66,15
-10,63,12
-44,40,21
-128,-27,55
-128,-80,94
-128,-128,64
-67,-97,19
-39,-68,6
3,-52,-8
22,-45,-4
59,-34,-21
73,-26,-26
67,-28,-24
36,-36,-19
25,-40,-19
-25,-69,8
-128,-128,75
-128,-128,122
-128,-95,89
-128,-47,76
-48,4,44
-18,25,38
-40,40,33
-13,69,12
-17,84,2
-2,87,4
-86,39,17
-128,9,18
-128,-45,68
-128,-83,65
-128,-128,48
-54,-91,9
-26,-72,-8
24,-80,-17
54,-81,-17
84,-52,-35
72,-44,-23
47,-56,-19
29,-73,-12
24,-83,-8
-128,-128,55
-128,-128,127
-128,-128,127
-79,-72,89
-63,-17,72
-78,37,37
-49,50,17
-43,53,13
-33,61,7
-24,63,7
-30,60,14
-121,19,36
-128,-36,67
-128,-98,91
-128,-128,80
-125,-108,27
-25,-52,-13
-5,-43,-22
30,-34,-20
49,-26,-27
66,-28,-39
55,-45,-41
46,-52,-35
27,-65,-27
15,-74,-12
-128,-128,98
-128,-128,115
-128,-128,113
-80,-29,79
-55,-6,53
-41,34,58
-12,74,27
-5,89,15
1,82,3
1,75,2
-46,38,9
-128,-24,38
-128,-94,58
-128,-128,12
-128,-128,-2
-42,-80,-7
46,-47,5
82,-36,4
103,-36,-2
88,-33,3
55,-33,-12
28,-52,-13
13,-64,-15
-54,-128,22
-128,-128,62
-128,-128,80
-128,-80,58
-85,-44,47
-46,4,28
-24,33,11
-18,45,9
-12,62,6
-11,68,9
-16,61,18
-32,49,23
-128,10,31
-128,-37,57
-128,-109,52
-128,-111,28
-87,-89,14
-6,-64,-4
30,-50,0
56,-38,-14
75,-23,-18
73,-24,-17
42,-45,-22
26,-65,-22
10,-83,-11
-128,-128,57
-128,-128,95
-128,-128,118
-88,-29,65
-53,-10,47
-33,14,30
-43,25,25
-24,47,14
-3,72,9
-4,81,11
-13,79,16
-28,62,15
-128,5,56
-128,-128,86
-128,-128,62
-85,-119,7
-37,-82,-9
1,-56,-15
46,-34,-10
59,-25,-21
67,-26,-27
64,-36,-25
40,-51,-22
26,-78,-19
-9,-107,2
-128,-128,96
-128,-128,124
-128,-90,79
-55,-18,41
-36,2,37
-49,40,7
-29,55,5
-15,101,-19
-36,97,-15
-40,87,-10
-115,28,19
-128,0,34
-128,-78,88
-128,-128,81
-126,-128,58
-21,-79,7
6,-75,9
80,-57,-18
105,-49,-28
92,-46,-25
39,-51,-20
25,-59,-16
-15,-95,3
-128,-128,72
-128,-128,96
-128,-128,110
-128,-89,86
-55,-25,65
-42,16,30
-40,30,22
-17,55,10
-12,72,6
-17,84,4
-42,68,11
-91,36,17
-128,-22,40
-128,-54,73
-128,-128,68
-81,-121,24
-42,-91,-2
17,-73,-14
57,-54,-15
94,-11,-39
68,-24,-27
44,-36,-24
29,-42,-21
17,-53,-17
-30,-95,3
-128,-128,67
-128,-128,99
-128,-128,93
-120,-76,77
-11,-23,56
-6,22,40
-27,37,33
-9,68,10
-10,72,3
-15,77,4
-72,36,13
-128,4,18
-128,-102,45
-128,-128,36
-128,-128,14
-42,-88,-19
-12,-72,-24
45,-47,-25
68,-35,-26
85,-21,-31
61,-32,-25
45,-41,-22
27,-61,-22
23,-72,-24
-69,-120,15
-128,-128,103
-128,-128,118
-128,-96,71
-61,-42,61
-26,15,30
-42,54,13
-26,68,13
-24,80,8
-37,76,11
-55,51,24
-123,0,27
-128,-22,31
-128,-128,48
-128,-128,36
-80,-115,-10
-20,-55,-12
-4,-50,5
52,-23,11
61,-13,-9
82,-18,-19
48,-41,-26
31,-51,-23
17,-80,-26
-21,-101,-5
-128,-128,23
-128,-128,127
-128,-128,127
-77,-55,70
-59,-28,54
-37,5,39
-16,31,16
-17,43,12
-11,62,9
-9,71,9
-46,55,13
-128,-2,57
-128,-58,104
-128,-128,101
-128,-128,71
-27,-88,20
-5,-76,-6
31,-88,-4
73,-51,-49
90,-37,-23
69,-40,-16
27,-53,-28
16,-60,-20
-32,-114,27
-128,-128,38
-128,-128,110
-128,-96,107
-113,-59,86
-30,3,50
-34,18,39
-39,44,18
-19,73,6
-16,83,5
-24,76,14
-42,56,17
-128,8,20
-128,-59,78
-128,-128,83
-128,-123,47
-85,-108,23
-20,-69,-8
22,-50,-1
40,-38,-8
67,-20,-28
75,-22,-28
53,-38,-24
31,-60,-21
32,-67,-20
-92,-128,34
-128,-128,78
-128,-128,114
-128,-48,79
-70,-17,73
-30,21,41
-35,33,34
-13,55,26
0,69,17
1,71,15
-6,65,14
-44,44,17
-128,-18,44
-128,-128,76
-128,-128,50
-79,-97,16
-42,-65,4
5,-45,1
63,-33,-11
92,-22,-35
106,-28,-41
90,-51,-52
63,-60,-48
24,-93,-18
-24,-128,23
-128,-128,101
-128,-128,102
-108,-127,76
-42,-46,34
-43,-19,34
-64,34,21
-46,52,16
-35,67,9
-42,65,17
-41,59,22
-95,28,24
-128,-1,38
-128,-74,97
-128,-128,73
-128,-128,43
-9,-73,-13
19,-47,-13
52,-26,-30
54,-24,-27
52,-26,-24
43,-32,-22
27,-44,-16
29,-60,-14
-45,-109,6
-128,-128,62
-128,-128,91
-128,-95,93
-85,-56,79
-56,-21,62
-69,0,47
-29,38,27
-14,63,5
-10,78,-2
-6,87,-1
-21,76,-1
-101,30,18
-128,12,42
-128,-76,79
-128,-128,60
-128,-110,42
-20,-74,2
5,-71,-2
75,-56,-14
90,-26,-34
95,-26,-21
45,-56,-31
28,-63,-25
-7,-93,-10
-128,-128,53
-128,-128,78
-128,-128,117
-128,-53,92
-90,-34,80
-40,9,49
-36,20,38
-24,41,24
-13,50,11
-9,60,11
-11,75,11
-20,67,15
-125,15,46
-128,-55,83
-128,-128,73
-128,-128,56
-90,-98,33
-20,-63,-9
29,-62,-20
51,-57,-29
70,-31,-46
67,-28,-49
43,-44,-44
34,-53,-38
17,-72,-25
-113,-120,40
-128,-128,101
-128,-128,127
-128,-64,97
-66,-26,80
6,16,66
-28,35,41
-12,71,14
4,94,1
1,87,1
-19,52,15
-77,25,33
-128,-41,64
-128,-128,84
-128,-128,52
-89,-80,13
-51,-49,-7
5,-26,-18
41,-26,-25
57,-25,-33
72,-31,-36
63,-44,-32
39,-56,-28
7,-70,-8
-55,-106,45
-128,-128,100
-128,-128,127
-128,-77,104
-60,-1,57
-50,14,47
-45,37,26
-36,54,19
-15,81,11
-9,85,12
-18,76,13
-110,22,38
-128,-2,59
-128,-101,107
-128,-128,69
-107,-128,40
-25,-76,-3
-2,-64,-15
35,-37,-18
54,-17,-40
57,-18,-46
45,-32,-46
37,-43,-39
24,-69,-23
-25,-106,41
-128,-128,86
-128,-128,122
-128,-128,113
-128,-75,81
-52,-7,50
-53,7,45
-39,45,25
-16,59,19
-9,76,9
-14,66,13
-33,48,18
-128,-8,39
-128,-50,72
-128,-128,71
-110,-122,32
-56,-93,16
7,-61,-7
31,-50,-4
63,-27,-24
63,-23,-27
52,-25,-24
31,-32,-18
27,-38,-17
16,-51,-12
-128,-128,61
-128,-128,114
-128,-128,98
-115,-128,73
-84,-42,57
-32,3,32
-23,24,29
-24,56,13
-12,70,10
-9,72,16
-32,47,34
-67,19,43
-128,-34,58
-128,-57,93
-128,-128,70
-88,-92,14
-50,-58,2
-1,-26,-17
20,-17,-17
34,-19,-18
58,-28,-21
55,-37,-24
46,-55,-32
37,-65,-34
12,-84,-26
-128,-128,50
-128,-128,76
-128,-128,78
-128,-107,88
-75,-22,57
-34,18,48
-30,33,53
-3,58,15
-6,73,7
1,85,7
-34,58,8
-111,31,26
-128,-56,83
-128,-127,87
-128,-128,51
-64,-107,4
-23,-80,-10
24,-55,-15
46,-49,-20
77,-27,-32
66,-20,-28
54,-29,-29
30,-50,-30
20,-64,-27
-67,-128,26
-128,-128,90
-128,-128,114
-128,-90,94
-74,-47,72
-35,7,35
-28,36,19
-18,51,12
-20,74,1
-21,79,6
-27,76,10
-97,36,31
-128,1,49
-128,-82,94
-128,-128,96
-128,-128,44
-32,-64,-4
-14,-47,-10
26,-44,-14
41,-42,-20
59,-36,-27
55,-41,-31
45,-41,-30
25,-48,-22
18,-59,-18
-73,-108,33
-128,-128,127
-128,-128,127
-128,-81,104
-71,-38,77
-48,5,42
-43,32,30
-27,44,20
-16,73,3
-18,86,0
-16,84,11
-119,29,32
-128,-5,60
-128,-128,127
-128,-128,66
-87,-128,28
-7,-65,-10
14,-55,-13
56,-25,-29
61,-18,-43
66,-27,-37
46,-39,-37
37,-40,-34
17,-65,-22
8,-87,-7
-128,-128,90
-128,-128,127
-128,-128,124
-70,-41,88
-30,-17,65
-24,16,35
-18,39,23
-8,51,15
-3,70,4
-4,74,5
-24,61,16
-128,1,46
-128,-34,82
-128,-128,106
-128,-128,72
-66,-103,15
-7,-63,-16
18,-55,-13
66,-34,-26
72,-27,-38
69,-24,-28
39,-39,-29
32,-46,-28
9,-75,-16
-49,-122,21
-128,-128,127
-128,-128,118
-123,-75,98
-61,-12,66
-45,10,51
-28,31,48
-29,61,23
-14,71,21
-9,73,17
-19,67,17
-71,24,38
-128,-40,70
-128,-73,100
-128,-128,81
-128,-128,43
-40,-67,3
7,-42,-16
27,-31,-13
56,-16,-23
61,-15,-26
57,-23,-26
34,-38,-24
25,-46,-20
6,-72,2
-118,-125,44
-128,-128,127
-128,-99,95
-128,-46,85
-37,-4,53
-28,14,33
-29,34,24
-4,52,10
-3,62,5
-1,73,5
1,75,6
-63,42,20
-128,-17,66
-128,-69,89
-128,-128,51
-112,-106,24
-25,-40,-8
21,-28,-3
49,-25,-4
63,-21,-32
63,-29,-30
57,-43,-28
30,-57,-28
26,-74,-26
-94,-128,28
-128,-128,74
-128,-128,105
-128,-60,81
-71,-29,61
-22,12,31
-31,21,27
-28,47,17
-12,70,6
-8,74,5
-13,65,8
-32,48,11
-128,-4,49
-128,-101,102
-128,-128,84
-117,-91,38
-66,-69,17
-16,-52,-14
50,-63,-16
69,-48,-27
78,-33,-35
73,-34,-35
34,-46,-33
19,-63,-21
5,-74,-10
-128,-128,59
-128,-128,108
-128,-128,116
-128,-80,84
-79,-46,70
-12,-2,55
-22,19,32
-18,51,22
-7,75,13
-15,73,9
-36,50,28
-61,29,29
-128,-51,84
-128,-128,93
-128,-128,61
-79,-64,26
-51,-35,4
-6,-32,-3
37,-35,-11
54,-28,-18
84,-14,-35
74,-22,-36
40,-38,-21
29,-49,-17
23,-63,-10
-103,-128,69
-128,-128,92
-128,-128,120
-96,-40,58
-75,8,30
-77,46,23
-65,65,25
-48,82,16
-38,60,19
-42,53,23
-81,18,38
-128,-11,53
-128,-128,127
-128,-128,58
-88,-128,31
-11,-60,-12
10,-38,-11
42,-10,-25
70,-12,-38
70,-16,-35
47,-35,-28
39,-42,-29
27,-60,-24
-69,-103,12
-128,-128,92
-128,-128,127
-98,-100,122
-56,-53,93
-19,-7,44
-25,11,44
-21,44,17
-6,59,6
-12,96,-17
-25,88,1
-40,65,8
-128,-2,43
-128,-108,118
-128,-128,108
-128,-125,46
-73,-83,18
-4,-51,-4
17,-51,-6
40,-42,-14
68,-27,-31
77,-31,-31
40,-44,-32
16,-50,-29
2,-70,-31
-120,-128,59
-128,-128,113
-128,-128,100
-128,-78,90
-87,-16,65
-43,14,36
-30,25,31
-23,48,20
-14,57,13
-1,76,8
-10,70,13
-31,56,9
-128,6,40
-128,-28,67
-128,-120,66
-128,-115,42
-76,-98,26
4,-50,-4
20,-54,-5
65,-47,-26
82,-40,-27
77,-41,-26
42,-57,-32
28,-69,-27
14,-81,-7
-128,-128,55
-128,-128,104
-128,-128,114
-128,-122,98
-64,-37,76
-51,14,38
-53,29,27
-34,59,9
-26,74,4
-29,84,10
-55,67,17
-103,41,28
-128,-35,70
-128,-80,100
-128,-128,85
-78,-117,26
-29,-87,2
28,-68,-25
50,-52,-25
96,-14,-34
72,-20,-21
52,-33,-24
15,-60,-25
10,-71,-18
-41,-110,10
-128,-128,83
-128,-128,100
-128,-115,109
-124,-68,100
-42,-12,59
-37,33,34
-33,50,21
-15,89,-6
-21,97,-8
-27,79,1
-99,23,24
-128,-7,47
-128,-95,98
-128,-128,91
-120,-124,37
-39,-57,6
-19,-42,1
16,-35,7
28,-37,-5
50,-26,-25
59,-32,-44
47,-45,-55
36,-77,-59
32,-83,-53
-71,-122,15
-128,-128,127
-128,-128,127
-128,-76,116
-96,-28,71
-27,2,39
-66,40,21
-37,55,18
-30,87,3
-34,84,8
-43,48,15
-70,8,24
-85,-1,31
-128,-6,79
-128,-72,121
-116,-112,50
-44,-42,18
-22,-31,14
29,-12,-10
40,-13,-22
47,-12,-13
6,-33,-24
-43,-63,-22
-62,-123,82
-17,-79,36
-79,-97,27
-81,-128,126
-58,-128,121
-47,-68,81
-42,-43,61
-32,1,39
-28,39,20
-28,53,10
-23,69,7
-29,67,10
-43,43,23
-124,11,34
-128,0,52
-128,-88,109
-128,-128,104
-101,-90,54
-10,-37,7
5,-42,5
52,-37,-22
62,-34,-26
53,-26,-37
38,-38,-43
30,-44,-39
16,-59,-22
-15,-108,83
-128,-128,127
-128,-128,125
-128,-106,127
-58,-34,85
-27,9,30
-25,20,26
-15,49,18
-9,69,9
-7,87,1
-22,65,13
-55,35,28
-128,-14,48
-128,-44,72
-128,-127,67
-125,-117,29
-65,-79,10
-13,-50,-15
13,-58,-11
73,-45,-12
78,-37,-30
79,-29,-37
44,-52,-28
31,-60,-22
-49,-110,26
-128,-128,68
-128,-128,126
-128,-84,117
-97,-44,95
-29,2,31
-27,31,22
-27,45,20
-10,68,12
-10,72,9
-26,55,13
-51,32,24
-115,10,33
-128,-32,67
-128,-88,97
-128,-128,69
-31,-52,19
-18,-14,-4
7,-28,3
20,-34,0
57,-44,-34
56,-43,-60
50,-49,-56
20,-60,-35
20,-64,-29
-86,-123,0
-128,-128,116
-128,-128,127
-118,-123,127
-76,-66,68
-68,2,39
-75,27,40
-30,53,20
-30,69,6
-24,73,11
-21,70,19
-68,33,37
-122,11,54
-128,-34,117
-128,-102,127
-128,-128,71
-38,-70,2
-16,-49,-20
32,-34,-26
41,-24,-31
44,-23,-39
45,-40,-40
41,-43,-38
21,-59,-27
18,-72,-20
-94,-128,73
-128,-128,109
-128,-128,80
-128,-112,112
-128,-46,58
-64,21,19
-48,64,29
-28,69,23
-19,76,2
-18,76,3
-30,55,21
-91,14,32
-128,-6,47
-128,-65,119
-128,-128,127
-128,-128,47
-37,-80,-3
-9,-66,-20
40,-46,-19
59,-31,-23
66,-14,-34
50,-20,-29
37,-31,-27
37,-47,-12
37,-56,0
-128,-128,64
-128,-128,89
-128,-128,101
-128,-49,65
-86,-12,54
-38,32,27
-15,50,15
-14,63,7
-10,84,4
-17,86,17
-57,66,23
-128,5,12
-128,-33,36
-128,-128,32
-128,-128,7
-87,-128,-12
-9,-54,-16
5,-44,-7
43,-30,5
58,-29,-6
76,-31,-23
67,-47,-24
46,-52,-28
24,-65,-23
17,-68,-22
-128,-128,7
-128,-128,113
-128,-128,92
-100,-43,65
-54,-17,53
-25,13,57
-18,37,22
-7,45,10
6,78,-9
12,82,-9
-1,78,-3
-89,39,14
-128,5,72
-128,-128,85
-128,-128,63
-84,-100,37
-22,-40,-9
-7,-37,-19
16,-46,-28
36,-46,-31
60,-32,-39
41,-39,-37
29,-40,-30
14,-46,-17
7,-49,-8
-128,-128,110
-128,-128,127
-128,-128,127
-108,-47,70
-90,-6,53
-44,33,36
-24,58,15
-15,72,10
6,88,12
6,78,19
-8,56,36
-128,5,73
-128,-31,83
-128,-128,118
-128,-128,82
-78,-97,7
-20,-55,-17
7,-47,-11
49,-35,-16
59,-28,-26
60,-25,-21
39,-38,-20
30,-44,-18
17,-67,-11
-15,-96,14
-128,-128,85
-128,-128,127
-128,-99,115
-73,-31,76
-35,-9,52
-12,22,24
-13,37,12
-6,43,6
5,64,3
10,73,10
0,68,15
-128,28,27
-128,24,56
-128,-128,40
-128,-128,29
-75,-85,5
-17,-38,-9
2,-43,0
45,-39,-6
59,-32,-16
54,-32,-21
39,-39,-21
27,-39,-18
19,-54,-16
20,-63,-13
-128,-128,40
-128,-128,79
-128,-128,75
-122,-76,59
-55,-34,50
-37,7,34
-39,44,27
-28,59,20
-25,82,19
-34,79,26
-51,53,25
-110,5,35
-128,-16,56
-128,-128,85
-128,-128,54
-91,-116,-6
-41,-57,-10
-17,-57,1
33,-48,0
47,-45,-10
68,-25,-21
59,-36,-19
38,-43,-21
21,-59,-17
16,-65,-14
-128,-124,52
-128,-128,116
-128,-128,114
-121,-74,76
-67,-38,70
-18,-1,54
-29,32,19
-17,47,19
-3,69,14
1,80,12
-20,67,11
-104,16,40
-128,-13,49
-128,-128,127
-128,-128,102
-95,-122,40
-14,-47,10
1,-38,2
40,-47,0
58,-36,-18
63,-23,-43
43,-29,-29
30,-34,-23
19,-49,-17
13,-57,-14
-74,-112,48
-128,-128,127
-128,-128,127
-109,-77,103
-64,-43,87
-34,15,52
-26,39,36
-15,53,23
-5,66,13
-4,69,13
-12,64,21
-71,23,49
-128,-11,79
-128,-128,127
-128,-128,127
-95,-123,47
-21,-47,0
-9,-39,-7
36,-23,-16
49,-16,-24
46,-13,-41
45,-26,-40
34,-33,-38
20,-44,-27
15,-58,-22
-97,-128,52
-128,-128,127
-128,-128,127
-98,-59,97
-54,-26,82
-24,14,43
-21,35,22
-16,47,16
-9,70,0
-4,72,-1
-10,71,4
-104,35,22
-128,10,53
-128,-88,111
-128,-128,101
-118,-115,47
-23,-63,1
-4,-55,-2
39,-40,-14
57,-32,-24
70,-20,-29
51,-25,-31
42,-28,-31
24,-51,-28
18,-69,-20
-128,-128,75
-128,-128,109
-128,-128,111
-79,-49,90
-23,-2,48
-20,12,41
-26,40,24
-10,53,19
-2,79,11
0,81,11
-11,65,16
-128,11,38
-128,-19,44
-128,-107,101
-128,-128,88
-80,-109,30
-32,-45,2
-10,-38,-3
48,-39,6
63,-37,-11
75,-24,-31
60,-32,-18
42,-39,-21
17,-54,-17
13,-61,-4
-128,-128,94
-128,-128,127
-125,-124,116
-96,-34,93
-64,-11,71
-27,13,58
-46,45,27
-14,42,22
-4,55,11
2,64,9
1,86,-6
-89,63,7
-128,38,53
-128,-128,127
-128,-128,110
-92,-87,30
-21,-35,0
-8,-45,-3
26,-53,-9
49,-48,-15
69,-34,-25
55,-44,-26
40,-44,-24
22,-58,-19
-1,-79,3
-128,-128,61
-128,-128,127
-128,-128,100
-88,-29,56
-63,-4,41
-17,36,28
-17,56,17
-19,65,11
-15,83,8
-13,80,11
-34,52,17
-128,2,32
-128,-34,67
-128,-128,74
-128,-128,49
-61,-76,6
-14,-50,-12
11,-55,-9
61,-46,-19
70,-37,-22
59,-35,-22
30,-47,-19
22,-54,-16
15,-72,-8
-62,-110,19
-128,-128,107
-128,-127,107
-128,-73,82
-45,-16,56
-33,5,36
-35,34,33
-17,63,15
-7,76,9
-6,82,7
-20,70,11
-93,29,30
-128,-23,56
-128,-56,83
-128,-128,71
-128,-128,46
-39,-70,7
2,-53,-16
29,-50,-12
62,-30,-30
66,-23,-37
59,-25,-30
28,-38,-25
20,-44,-23
6,-78,-14
-54,-128,17
-128,-128,91
-128,-128,76
-128,-128,73
-74,-50,54
-73,-20,44
-73,22,30
-44,65,19
-38,81,17
-37,92,27
-32,85,27
-71,42,23
-128,-30,73
-128,-120,110
-128,-128,65
-128,-128,45
-27,-87,0
7,-49,-9
29,-41,-16
60,-25,-37
71,-30,-39
67,-39,-42
48,-47,-44
37,-60,-40
15,-80,-15
-57,-128,27
-128,-128,116
-128,-128,110
-128,-98,90
-48,-14,65
-40,3,65
-57,44,27
-13,66,17
-18,74,6
-17,84,9
-22,75,11
-99,22,28
-128,-74,127
-128,-128,127
-128,-128,108
-99,-128,76
-15,-73,9
23,-75,-26
46,-66,-41
77,-38,-59
78,-26,-58
44,-39,-45
30,-54,-49
18,-59,-51
-57,-105,23
-128,-128,102
-128,-128,127
-128,-101,127
-76,-44,115
-48,-5,58
-40,15,73
-46,55,10
-2,78,6
-1,87,1
-20,86,7
-33,70,19
-128,-1,60
-128,-104,127
-128,-128,127
-109,-128,47
-31,-59,1
-4,-54,-7
42,-44,-20
57,-36,-35
70,-33,-37
63,-36,-30
41,-41,-28
19,-49,-19
13,-63,-15
-128,-124,79
-128,-128,127
-115,-128,127
-118,-66,67
-106,-18,45
-18,14,29
-8,25,22
-8,36,10
-4,56,4
2,66,10
-7,59,24
-53,37,35
-128,-17,100
-128,-128,118
-128,-128,89
-65,-84,25
-29,-58,1
2,-57,-12
52,-53,-24
64,-42,-37
73,-38,-38
57,-45,-34
33,-62,-27
21,-96,-22
5,-113,-2
-128,-128,107
-128,-128,127
-128,-110,112
-60,-18,67
-33,-1,43
-27,31,27
-31,41,21
-16,61,13
-1,82,5
-3,84,4
-48,53,14
-128,22,24
-128,-60,100
-128,-128,107
-128,-128,77
-54,-99,15
-33,-71,-2
-3,-74,-8
52,-70,-9
66,-57,-26
64,-42,-44
59,-49,-23
28,-51,-16
14,-52,-7
-67,-89,29
-128,-128,127
-128,-128,121
-128,-50,85
-78,-13,66
-55,-4,47
-33,21,25
-27,39,17
1,73,8
5,100,5
1,92,8
-80,31,37
-128,3,45
-128,-97,80
-128,-128,36
-85,-93,19
-37,-33,4
-22,-26,11
19,-17,3
41,-22,-16
55,-22,-16
63,-30,-31
57,-34,-38
63,-59,-49
19,-116,-19
-128,-128,18
-128,-128,127
-128,-106,64
-59,-53,51
-42,-9,55
-56,20,32
-21,52,18
-19,71,6
-25,75,2
-33,65,4
-53,43,10
-128,-15,25
-128,-61,54
-128,-128,73
-104,-128,36
-53,-98,26
-10,-62,-13
16,-52,-12
74,-31,-21
90,-16,-29
89,-16,-26
52,-37,-30
41,-49,-30
5,-81,-11
-128,-128,73
-128,-128,127
-128,-113,85
-128,-57,55
-51,-4,38
-20,30,24
-17,36,17
-5,50,9
2,70,8
1,75,12
0,69,16
-23,56,18
-128,-2,30
-128,-100,35
-128,-128,32
-124,-108,20
-63,-64,13
-28,-36,-13
32,-59,-24
64,-55,-20
97,-30,-35
87,-25,-38
46,-47,-38
34,-53,-28
-5,-73,4
-128,-128,91
-128,-128,127
-128,-104,98
-114,-48,84
-55,-8,62
-40,21,68
-45,46,30
-7,70,12
5,92,4
5,92,0
-19,57,5
-104,24,29
-128,-64,81
-128,-128,46
-128,-127,41
-49,-85,16
-10,-63,9
40,-73,-8
87,-44,-42
100,-32,-40
77,-43,-35
52,-59,-47
24,-60,-45
-9,-85,-2
-125,-128,24
-128,-128,73
-128,-128,106
-118,-87,91
-32,-22,95
-57,7,127
4,35,14
-11,67,9
3,87,-16
8,95,-18
-4,82,-13
-128,24,14
-128,-11,41
-128,-128,79
-128,-128,44
-81,-117,21
-2,-71,-3
21,-66,-12
63,-41,-30
101,-18,-47
86,-28,-36
49,-51,-34
35,-55,-31
7,-76,-9
-128,-128,89
-128,-128,127
-128,-128,127
-128,-87,113
-42,-31,61
-26,8,32
-25,24,25
-8,52,8
-4,65,1
-6,75,0
-22,59,12
-70,32,30
-128,-23,68
-128,-67,102
-128,-128,64
-81,-99,16
-36,-68,2
11,-69,19
42,-71,26
99,-31,-33
95,-19,-16
68,-32,-6
27,-36,-24
26,-42,-18
-22,-84,30
-128,-128,95
-128,-128,127
-128,-100,107
-110,-57,91
-33,-1,42
-49,25,27
-43,46,21
-18,70,10
-14,75,4
-21,68,-2
-45,40,14
-116,12,23
-128,-50,67
-128,-103,91
-128,-128,67
-48,-94,13
-12,-65,-9
12,-65,-1
44,-56,9
76,-33,-26
74,-31,-30
62,-41,-26
19,-54,-17
21,-59,-14
-81,-115,43
-128,-128,127
-128,-128,127
-124,-67,101
-102,-23,76
-46,17,41
-12,31,29
-9,41,20
-8,62,5
-9,74,5
-11,74,18
-113,14,47
-128,-19,61
-128,-113,127
-128,-128,125
-94,-123,40
-27,-70,-4
-2,-58,-16
18,-46,-14
38,-39,-17
67,-22,-32
55,-36,-28
39,-44,-23
25,-64,-16
18,-69,-10
-128,-122,80
-128,-128,127
-128,-128,127
-107,-64,79
-73,-24,59
-31,7,24
-10,39,10
-9,45,6
-5,63,8
-2,70,14
4,78,34
-44,52,24
-128,27,55
-128,-128,123
-128,-128,91
-125,-116,36
-39,-61,-4
-21,-56,-13
36,-66,-15
61,-53,-26
91,-33,-41
70,-52,-35
48,-53,-24
30,-63,-16
22,-63,-10
-128,-128,92
-128,-128,127
-128,-128,127
-61,-40,67
-55,-4,43
-61,45,18
-38,59,6
-33,67,4
-30,73,17
-27,66,28
-62,40,40
-128,-4,73
-128,-28,94
-128,-128,63
-128,-128,29
-56,-98,1
-8,-41,7
18,-26,11
44,-15,-3
51,-17,-10
67,-32,-29
59,-52,-52
56,-65,-53
57,-79,-55
29,-128,-47
-128,-128,99
-128,-128,96
-101,-128,123
-86,-23,57
-103,28,17
-21,60,4
-32,85,-18
-37,95,-20
-39,80,2
-61,54,13
-128,-12,48
-128,-128,114
-128,-128,109
-115,-128,33
-53,-128,16
15,-83,4
70,-18,-22
83,-3,-34
78,-16,-21
57,-23,-21
47,-39,-28
31,-76,-21
27,-91,-10
-128,-128,74
-128,-128,105
-128,-128,93
-66,-63,75
-31,-29,51
-36,8,32
-55,30,20
-12,59,11
-17,86,-2
-25,88,-1
-53,52,18
-104,17,26
-128,-56,56
-128,-128,93
-128,-128,59
-68,-109,20
-37,-75,5
6,-51,-4
51,-34,-7
65,-24,-21
88,-24,-31
81,-32,-28
41,-45,-24
23,-61,-19
-7,-83,8
-128,-128,101
-128,-128,127
-128,-90,98
-68,-26,72
-35,-8,51
-24,13,37
-27,27,26
-17,55,12
-5,83,12
-1,82,19
-40,54,25
-128,18,38
-128,-80,95
-128,-128,89
-127,-128,43
-39,-62,4
-20,-37,-7
16,-26,-7
39,-21,-21
55,-22,-32
70,-30,-33
59,-35,-36
25,-41,-35
1,-52,-20
-89,-94,30
-128,-128,127
-128,-128,127
-106,-74,119
-34,-6,63
-34,16,41
-28,41,30
-19,56,24
-11,79,10
-26,77,13
-31,63,22
-118,7,50
-128,-26,76
-128,-108,127
-128,-128,67
-101,-101,27
-29,-51,-22
-11,-59,-24
56,-46,-10
65,-28,-43
66,-25,-36
50,-49,-30
33,-58,-36
22,-80,-26
-64,-128,49
-128,-128,92
-128,-128,114
-128,-128,121
-84,-44,79
-44,1,33
-33,17,29
-25,40,20
-16,51,14
-10,70,5
-15,76,9
-22,66,15
-128,11,34
-128,-16,53
-128,-117,99
-128,-128,53
-83,-104,30
-18,-49,0
0,-49,1
54,-40,-5
69,-30,-37
79,-27,-31
50,-40,-30
32,-45,-25
7,-80,-1
-128,-128,75
-128,-128,112
-128,-113,99
-128,-61,75
-71,-18,48
-31,4,66
-32,26,47
-13,36,17
-9,50,10
4,64,0
14,73,0
10,66,3
-128,46,25
-128,-16,68
-128,-128,37
-118,-77,27
-65,-46,18
-30,-43,-7
-10,-52,-14
34,-47,-17
53,-32,-31
66,-35,-40
53,-44,-51
36,-52,-46
22,-58,-36
-128,-128,42
-128,-128,93
-128,-128,90
-128,-117,90
-41,-10,63
-42,26,34
-45,44,24
-17,80,9
-13,91,11
-8,84,23
-53,48,18
-128,10,35
-128,-67,85
-128,-128,112
-128,-128,51
-61,-78,20
-35,-46,-5
11,-31,-9
38,-32,-22
74,-20,-53
79,-30,-48
65,-39,-45
39,-54,-37
27,-63,-29
-41,-118,31
-128,-128,126
-128,-128,127
-128,-85,77
-66,-38,54
-42,27,20
-53,51,12
-33,64,9
-23,76,14
-24,69,19
-28,51,31
-102,9,40
-128,-19,57
-128,-128,123
-128,-128,98
-107,-128,41
-23,-68,-1
-6,-48,-16
41,-34,-15
62,-25,-33
90,-22,-47
67,-36,-38
56,-45,-39
27,-72,-30
14,-86,-12
-128,-128,80
-128,-128,119
-128,-128,127
-64,-64,70
-49,-34,53
-46,4,39
-29,32,20
-20,46,12
-23,76,7
-25,88,13
-52,70,24
-128,1,40
-128,-37,67
-128,-128,119
-128,-128,81
-91,-121,32
-16,-58,-8
5,-54,-16
51,-41,-23
63,-32,-35
75,-33,-37
49,-43,-35
42,-47,-29
20,-72,-21
-17,-97,17
-128,-128,125
-128,-128,116
-128,-99,117
-46,-26,49
-31,-2,24
-36,35,55
-23,69,16
-21,73,14
-27,65,14
-34,63,15
-72,47,28
-128,-14,74
-128,-49,104
-128,-128,124
-128,-128,72
-51,-72,7
23,-58,-13
41,-52,-30
57,-39,-38
67,-34,-37
56,-44,-42
40,-60,-42
35,-75,-35
-51,-127,37
-128,-128,93
-128,-128,122
-125,-69,109
-90,-44,87
-40,-3,50
-32,15,39
-18,46,16
-5,77,-4
-6,85,-5
-12,78,4
-19,65,5
-128,-4,55
-128,-122,118
-128,-128,107
-112,-125,47
-64,-87,22
-4,-49,-6
32,-41,-19
45,-36,-27
73,-26,-41
72,-33,-42
44,-46,-32
24,-51,-24
11,-62,-10
-128,-128,100
-128,-128,127
-128,-128,127
-79,-37,78
-36,-2,55
-21,44,34
-14,49,21
-3,62,6
-6,70,5
-13,60,12
-52,31,34
-105,10,52
-128,-37,86
-128,-128,117
-128,-128,81
-63,-72,24
1,-33,-6
17,-30,-9
51,-36,-21
62,-32,-33
74,-28,-31
74,-35,-28
37,-52,-30
9,-59,-17
-37,-89,2
-128,-128,127
-128,-128,127
-128,-89,76
-59,-26,59
-24,-5,50
-9,18,29
-8,33,21
-10,65,9
-6,79,13
-3,75,17
-81,33,27
-128,-32,59
-128,-91,104
-128,-128,66
-112,-128,41
-32,-55,4
3,-29,-12
21,-18,-11
47,-12,-20
54,-9,-26
49,-12,-32
38,-50,-37
27,-62,-36
1,-81,-14
-95,-128,35
-128,-128,117
-128,-128,109
-128,-88,109
-47,-3,62
-37,11,48
-40,37,25
-30,49,18
-12,71,4
-2,82,4
-9,76,6
-64,30,12
-128,4,18
-128,-62,85
-128,-128,53
-126,-91,40
-47,-50,17
-19,-55,11
35,-56,7
80,-39,-29
89,-32,-36
65,-46,-30
38,-56,-31
32,-70,-28
-95,-128,38
-128,-128,86
-128,-128,112
-117,-77,94
-60,-35,75
-45,8,38
-50,26,29
-32,58,13
-12,81,8
-20,85,7
-42,63,21
-89,28,30
-128,-46,56
-128,-80,90
-128,-128,75
-67,-116,22
-34,-81,5
6,-59,-13
31,-48,-7
67,-28,-34
83,-29,-25
72,-33,-23
39,-44,-26
24,-68,-20
20,-83,-9
-128,-128,60
-128,-128,104
-128,-128,102
-70,-42,70
-40,-14,52
-51,11,29
-55,27,21
-27,60,7
-24,75,6
-26,74,8
-49,49,15
-92,21,20
-128,-44,75
-128,-128,101
-128,-128,69
-45,-83,16
-13,-47,2
8,-35,-3
57,-23,-28
65,-18,-39
70,-28,-35
60,-35,-35
36,-57,-35
29,-76,-14
-60,-128,23
-128,-128,100
-128,-128,93
-128,-91,64
-59,-17,34
-39,2,34
-49,31,21
-44,48,15
-19,72,8
-19,84,11
-25,81,12
-104,29,17
-128,-17,41
-128,-128,99
-128,-128,43
-87,-128,24
-7,-94,-9
23,-83,-18
81,-52,-28
95,-19,-42
86,-22,-36
36,-41,-34
26,-48,-34
8,-74,-24
-93,-128,14
-112,-128,47
-128,-128,105
-128,-128,81
-56,-60,61
-63,-5,39
-76,26,31
-29,78,9
-34,95,-4
-32,87,1
-45,59,3
-77,31,11
-128,-33,46
-128,-92,86
-128,-128,57
-55,-109,16
-24,-63,-2
21,-59,25
51,-32,-19
58,-21,-48
96,-22,-30
66,-30,-24
31,-40,-24
32,-48,-25
12,-72,0
-128,-128,72
-128,-128,86
-128,-128,103
-120,-90,76
-35,-12,39
-53,21,22
-53,47,17
-21,76,5
-26,81,1
-38,64,8
-110,16,26
-128,-19,44
-128,-123,96
-128,-128,81
-87,-113,28
-19,-35,4
-8,-22,1
23,-19,-3
31,-24,-14
64,-33,-29
71,-45,-35
52,-56,-36
34,-74,-34
23,-79,-27
-128,-128,63
-128,-128,104
-128,-128,107
-72,-34,64
-39,-12,49
-30,17,46
-28,46,18
-9,55,13
-9,68,5
-9,72,4
-35,52,10
-128,-11,50
-128,-69,90
-128,-128,79
-128,-128,55
-46,-75,16
2,-55,5
24,-50,4
61,-25,-22
72,-22,-25
71,-36,-30
48,-50,-44
36,-60,-39
17,-78,-21
-51,-122,21
-128,-128,116
-128,-128,119
-127,-80,96
-23,-18,54
-12,-3,42
-35,22,21
-7,48,9
-3,59,1
-9,78,-6
-13,79,-2
-90,39,8
-128,-35,65
-128,-69,90
-128,-128,82
-128,-116,71
-38,-73,39
21,-53,14
42,-54,-7
86,-42,-35
86,-28,-41
63,-28,-42
34,-56,-33
24,-63,-18
-80,-128,38
-128,-128,114
-128,-128,119
-81,-68,96
-47,-31,77
-69,6,40
-72,21,27
-32,52,17
-22,86,1
-24,101,-1
-57,71,12
-125,37,27
-128,-79,105
-128,-128,95
-128,-128,77
-36,-102,12
-7,-94,4
52,-66,-35
93,-19,-47
93,-6,-39
59,-23,-45
47,-33,-47
26,-65,-36
12,-111,4
-79,-128,50
-128,-128,110
-128,-128,105
-74,-80,76
-15,-15,51
-27,5,36
-38,44,14
-21,62,9
-21,95,1
-36,82,6
-67,48,12
-128,-31,36
-128,-75,59
-128,-128,86
-119,-128,35
-68,-104,22
-13,-59,-10
6,-53,-9
50,-41,-20
96,-25,-45
101,-29,-42
56,-53,-35
39,-60,-30
-5,-90,14
-128,-128,127
-128,-128,119
-128,-100,107
-91,-49,90
-39,-9,51
-41,17,26
-29,29,19
-8,54,7
-5,65,2
-7,70,3
-49,45,11
-128,15,31
-128,-60,97
-128,-125,110
-128,-128,60
-41,-53,23
-13,-38,14
37,-43,-8
59,-31,-30
88,-24,-34
60,-34,-39
49,-36,-41
24,-62,-28
12,-80,-10
-128,-128,66
-128,-128,110
-128,-128,112
-48,-38,70
-22,-12,56
-34,7,55
-37,38,14
-11,46,13
-1,70,-3
-23,72,-3
-54,57,0
-128,-5,47
-128,-36,79
-128,-114,90
-128,-118,78
-65,-77,40
0,-55,14
23,-70,-1
93,-66,-42
105,-47,-48
68,-45,-35
31,-66,-26
23,-81,-14
-128,-128,64
-128,-128,109
-128,-128,127
-111,-58,95
-68,-31,79
-49,1,48
-51,13,37
-28,39,20
-16,70,4
-10,88,0
-18,91,0
-44,63,3
-128,-7,43
-128,-128,103
-128,-128,82
-94,-111,38
-50,-79,16
-8,-61,-8
50,-46,-32
66,-33,-45
83,-29,-41
68,-40,-43
45,-59,-47
11,-88,-20
-43,-128,13
-117,-128,78
-128,-128,98
-112,-128,109
-75,-36,60
-82,-7,50
-76,48,24
-69,68,11
-65,88,-1
-57,71,6
-69,54,14
-128,-16,47
-128,-60,78
-128,-128,117
-125,-128,47
-69,-108,24
-8,-60,-5
21,-47,-3
59,-26,-23
79,-15,-27
72,-19,-32
47,-30,-31
36,-37,-30
19,-62,-19
-128,-128,57
-128,-128,98
-128,-128,105
-128,-127,98
-43,-42,69
-15,0,49
-35,17,32
-23,49,16
-8,64,10
-11,81,1
-40,56,10
-79,30,15
-128,-40,47
-128,-76,82
-128,-128,82
-87,-86,44
-58,-47,27
-17,-25,2
3,-33,-1
44,-45,-26
84,-46,-49
79,-45,-47
49,-55,-37
39,-57,-34
-11,-82,0
-128,-128,106
-128,-128,103
-128,-101,97
-71,-41,79
-41,5,43
-46,38,36
-28,57,22
-14,87,13
-12,86,18
-41,62,26
-128,3,37
-128,-24,56
-128,-79,88
-128,-118,80
-114,-96,46
-19,-60,3
0,-56,-4
55,-63,-9
74,-58,-28
87,-37,-26
40,-39,-24
27,-46,-18
-3,-84,11
-84,-121,33
-128,-128,84
-128,-97,115
-128,-64,96
-85,-14,79
-66,0,65
-54,21,34
-27,45,17
-21,59,10
-9,89,4
-5,93,7
-41,54,6
-128,-13,60
-128,-89,103
-128,-128,80
-128,-128,60
-41,-79,11
11,-75,2
36,-66,-5
81,-28,-37
95,-21,-34
61,-43,-44
37,-63,-37
27,-79,-27
-91,-128,32
-128,-128,51
-128,-128,120
-128,-98,92
-96,-53,79
-21,1,59
-19,17,43
-20,50,23
-9,75,14
-6,75,11
-20,52,10
-77,23,20
-128,-64,72
-128,-128,76
-128,-128,59
-58,-73,21
-35,-44,6
5,-38,-11
67,-39,-25
89,-28,-54
112,-25,-41
84,-49,-44
36,-79,-52
-23,-128,0
-120,-128,64
-128,-128,97
-128,-115,90
-77,-56,69
-35,-8,55
-45,-1,49
-56,27,24
-21,41,17
-26,64,4
-23,76,10
-34,71,10
-128,13,32
-128,-25,57
-128,-128,100
-128,-128,49
-71,-101,30
-11,-45,-2
4,-40,-2
44,-22,-22
70,-20,-29
76,-26,-30
55,-41,-46
43,-50,-45
16,-77,-26
-128,-128,61
-128,-128,101
-128,-128,105
-128,-71,86
-45,-17,59
-40,8,35
-44,18,31
-19,39,17
-15,49,8
-8,65,7
-28,75,6
-65,57,14
-128,-19,71
-128,-73,100
-128,-128,83
-94,-123,31
-39,-88,5
16,-73,-8
55,-64,-24
88,-34,-38
80,-28,-37
58,-37,-43
33,-48,-35
16,-57,-25
-44,-106,26
-128,-128,107
-128,-128,115
-128,-93,95
-101,-59,81
-31,-20,58
-28,12,27
-16,22,20
-7,51,6
-6,65,4
3,76,8
-5,75,3
-42,45,11
-128,-32,71
-128,-128,80
-128,-128,57
-53,-82,19
-24,-58,3
20,-53,0
52,-49,-13
85,-21,-38
83,-23,-32
61,-34,-33
29,-53,-18
19,-72,-12
-74,-128,23
-128,-128,111
-128,-128,127
-128,-68,70
-80,-36,62
-24,6,41
-47,24,19
-37,39,16
-13,63,13
-8,76,11
-13,87,7
-83,32,18
-128,-10,44
-128,-128,98
-128,-128,61
-68,-127,15
-15,-69,-10
3,-64,-8
69,-37,-13
88,-22,-31
98,-19,-29
52,-44,-32
38,-43,-30
17,-76,-20
-128,-128,54
-128,-128,93
-128,-128,118
-121,-89,82
-34,-29,60
-22,5,30
-31,17,23
-10,46,10
-7,66,3
-16,90,3
-29,86,9
-105,29,32
-128,-46,71
-128,-102,106
-128,-128,65
-128,-128,33
-23,-82,-11
47,-30,-40
75,-11,-42
62,14,-64
32,9,-52
-51,-10,14
-62,-25,66
-67,-61,88
-25,-35,104
-34,-26,127
-16,-39,121
15,-42,75
-25,-101,56
-16,-20,43
-10,16,15
3,23,12
6,36,1
10,42,5
-8,18,40
-17,3,101
-15,-13,127
-32,-19,117
-24,-11,111
-1,-6,90
8,-35,56
8,-39,42
23,-29,14
30,-27,5
17,-30,23
7,-49,79
6,-46,90
5,-27,127
-9,-60,127
-34,-53,90
-13,-14,56
9,35,49
4,27,26
4,33,9
6,35,-6
2,34,8
-18,18,52
-10,10,96
-9,3,127
1,15,127
16,1,127
-3,7,72
-3,-1,41
10,-45,21
31,-17,6
30,-24,-3
6,-29,5
-44,-68,61
-54,-76,82
-95,-66,89
-106,-64,111
-89,-45,92
-63,2,52
-50,21,46
-28,36,22
-7,39,2
-2,39,0
-7,53,2
-17,53,12
-76,26,63
-128,-3,113
-128,-42,127
-114,-44,81
-100,-25,73
-60,-3,41
-39,-4,30
40,-13,6
84,5,-33
99,1,-37
41,-29,-36
-52,-68,-6
-128,-97,74
-128,-66,99
-128,-71,127
-44,-65,112
-11,-35,60
7,-27,50
19,-10,24
16,6,4
21,22,-15
11,69,-9
-3,66,10
-40,66,49
-106,41,65
-92,-82,117
-32,-58,127
-31,-75,127
-1,-58,76
18,-70,56
24,-68,4
44,-13,-5
37,-27,-9
45,-47,16
24,-75,31
-75,-128,9
-128,-106,31
-128,-83,67
-98,-26,34
-68,-3,14
-61,33,-8
-47,40,-2
-34,47,4
-26,79,-5
-27,90,-4
-70,52,10
-128,-25,33
-128,-76,79
-128,-128,56
-128,-94,50
-60,-46,18
-1,-44,7
36,-52,4
99,-41,-42
115,-34,-49
85,-49,-43
31,-76,-32
23,-88,-26
-128,-128,30
-128,-128,87
-128,-128,110
-94,-45,72
-54,-15,57
2,15,75
-61,33,23
-35,63,13
-18,88,-13
-23,82,-9
-73,41,11
-98,10,25
-128,-32,28
-128,-128,93
-128,-128,49
-46,-78,33
-20,-62,37
-11,-50,23
37,-29,-22
54,-45,-24
36,-28,-23
17,-38,-21
2,-44,31
-74,-91,43
-65,-85,50
-128,-93,87
-128,-79,74
-84,-23,32
-87,3,-6
-92,14,-14
-37,29,4
-19,35,1
-15,67,-15
-32,89,-8
-56,72,0
-128,33,9
-128,-21,54
-128,-95,44
-109,-74,39
-51,-68,25
3,-54,16
50,-70,20
112,-45,-24
82,-29,-28
55,-36,-23
6,-53,-9
-23,-80,7
-128,-128,39
-128,-128,107
-128,-121,111
-106,-46,78
-71,-26,67
-40,10,50
-45,38,34
-52,61,10
-36,96,1
-33,96,-6
-19,77,-11
-128,5,10
-128,-39,22
-128,-128,57
-128,-128,42
-74,-86,23
-18,-49,-6
5,-62,-2
73,-60,-4
93,-43,-27
96,-27,-37
35,-65,-33
13,-73,-23
-48,-128,23
-128,-128,30
-128,-128,127
-114,-70,102
-82,-38,84
-28,10,45
0,29,47
-44,45,7
-7,59,3
-1,73,-2
3,76,-3
-23,61,6
-128,8,12
-128,-71,47
-128,-128,38
-76,-113,17
-43,-65,-1
-16,-20,-15
10,-42,22
36,-37,22
48,-21,-11
58,-27,-25
70,-36,-31
23,-60,-28
13,-64,-20
-128,-127,14
-128,-128,39
-128,-128,123
-106,-45,57
-93,-20,55
-41,14,55
-21,24,55
-23,46,16
-9,78,-1
2,88,-5
5,78,-4
-23,51,3
-128,6,17
-128,-128,30
-128,-128,33
-62,-63,11
-33,-34,-5
0,-26,-5
44,-32,11
52,-27,-2
65,-30,-29
73,-40,-35
39,-64,-40
20,-89,-15
-46,-123,25
-128,-128,74
-128,-128,127
-113,-75,83
-80,6,51
-55,17,40
-24,37,35
-33,54,19
-12,69,11
2,80,4
-1,77,3
-128,17,25
-128,-5,39
-128,-128,87
-101,-111,31
-60,-88,15
-25,-52,-6
-6,-58,4
71,-41,4
88,-8,-32
91,-12,-31
46,-37,-31
21,-47,-27
5,-71,-16
-128,-128,23
-128,-128,68
-128,-128,95
-102,-81,75
-45,-28,58
13,17,79
-31,34,26
-4,44,12
-6,61,4
5,87,-8
-24,64,2
-98,33,18
-128,-30,28
-128,-68,41
-128,-128,15
-42,-50,-3
-25,-21,-14
9,-24,-5
30,-27,9
61,-22,-6
68,-31,-24
66,-37,-28
26,-57,-24
14,-73,-15
-128,-128,42
-128,-128,127
-128,-128,119
-127,-45,51
-97,-6,47
-43,22,40
-25,47,27
-26,56,20
-5,68,11
1,73,7
-18,58,7
-128,8,39
-128,-23,53
-128,-107,53
-128,-128,34
-51,-53,3
-13,-27,-15
0,-33,-7
53,-26,-14
57,-31,-25
57,-42,-24
49,-53,-25
34,-65,-27
-18,-90,0
-128,-128,25
-128,-128,103
-128,-70,84
-125,-35,66
-48,2,42
-27,16,33
0,28,30
-15,55,7
-13,67,-1
-4,81,1
-8,71,9
-128,22,25
-128,-38,57
-128,-95,56
-109,-113,36
-55,-70,19
-10,-42,-18
32,-59,10
52,-34,1
52,-13,-23
61,-19,-26
56,-41,-35
13,-65,-27
-43,-88,3
-128,-128,54
-128,-128,91
-128,-68,92
-73,-8,67
-43,12,52
9,31,45
21,34,35
-7,48,10
-5,62,-7
-3,66,-8
-27,41,9
-128,19,24
-128,-31,41
-128,-103,35
-128,-103,22
-32,-41,-12
-13,-33,-27
5,-61,15
46,-34,7
69,-29,-8
69,-32,-26
52,-37,-27
3,-64,-12
-42,-104,33
-128,-128,52
-128,-128,127
-95,-124,110
-65,-54,59
-61,-3,41
-53,14,31
-21,33,21
-8,34,21
-1,44,12
3,62,3
9,66,2
-26,41,-2
-128,27,33
-128,-64,77
-128,-128,4
-64,-60,22
-41,-10,-13
-31,-19,-9
15,-40,2
70,-43,-22
70,-43,-31
67,-60,-39
50,-64,-32
10,-78,-19
-128,-128,2
-128,-128,64
-128,-128,114
-128,-67,72
-69,-1,42
-8,20,33
9,28,40
-10,49,19
-13,55,12
-10,68,8
11,66,12
-20,38,23
-128,-21,36
-128,-114,71
-128,-128,15
-67,-70,-15
-52,-48,-22
3,-48,0
28,-41,8
65,-14,-11
69,-14,-27
54,-18,-28
-23,-33,1
-74,-50,15
-118,-57,59
-128,-57,109
-128,-67,110
-47,-49,88
-17,-37,77
-12,9,55
-2,23,34
6,26,28
5,31,19
29,28,4
-56,26,8
-38,28,64
-66,19,69
-60,-25,127
-66,-43,127
-43,-30,122
-2,-15,78
8,-16,45
15,-29,7
17,-33,-6
23,-25,-19
8,-27,-7
-5,-46,26
-30,-77,78
-18,-81,81
-50,-60,121
-81,-85,101
-112,-62,72
-55,39,61
-49,54,53
-13,75,36
-23,77,13
-27,68,12
-29,64,46
-56,44,71
-78,17,81
-71,-15,92
-57,-35,92
-36,-32,56
-31,-25,34
-6,-34,29
-19,-56,48
27,-47,83
18,-14,48
23,-19,9
5,-114,-15
-63,-59,19
114,40,90
-36,-36,127
6,13,123
-1,-30,50
-23,-37,54
-16,-22,34
6,-56,22
4,-57,52
-9,-49,53
-5,-48,43
-12,-46,34
-12,-53,40
-7,-43,39
-3,-44,40
-4,-41,44
-24,-24,45
-34,-28,52
-42,-15,62
-28,-18,69
-15,-14,65
-11,-12,67
-11,-14,55
-14,-17,56
-14,-25,58
-7,-25,57
-10,-22,54
-8,-27,57
-9,-24,57
-12,-24,54
-16,-26,62
-15,-27,57
-22,-49,51
-25,-55,58
-3,-66,50
-32,-44,48
-17,-43,46
0,-49,42
-12,-43,25
5,-29,26
-11,-26,15
-15,-27,12
-1,-28,10
-9,-49,24
-28,-72,37
-85,-128,99
-111,-128,69
-75,-93,17
-49,-77,25
8,-82,40
-17,-61,23
-23,-56,18
-22,-52,31
-27,-49,37
-32,-46,34
-26,-54,32
-25,-67,34
-17,-117,49
9,-128,30
-9,-100,14
-13,-85,44
-8,-75,43
18,-26,22
23,-5,24
23,-3,31
-9,-9,27
-12,-19,23
-16,-36,23
-16,-46,27
-18,-61,33
-18,-70,32
-36,-72,28
-51,-72,39
-63,-72,61
-11,-49,60
-8,-36,46
-13,-37,47
-7,-46,43
-10,-47,38
-22,-42,26
-20,-34,34
1,-37,43
5,-43,40
5,-45,32
-8,-54,36
7,-65,57
5,-48,55
-1,-48,47
5,-53,39
4,-50,37
2,-49,40
5,-47,43
5,-50,43
4,-50,41
6,-49,37
8,-48,41
7,-48,41
8,-51,38
9,-50,39
8,-49,39
9,-49,39
8,-48,40
9,-48,38
10,-50,39
9,-50,39
10,-50,40
8,-49,39
10,-50,39
9,-50,40
8,-49,38
7,-50,38
9,-49,40
9,-49,39
8,-49,40
7,-50,38
9,-51,38
6,-50,37
6,-50,39
9,-49,40
7,-49,38
7,-49,40
9,-50,40
16,-53,43
22,-55,46
3,-62,33
-29,-59,31
-22,-56,25
-112,-56,9
-116,-45,21
-39,-26,45
-76,-17,27
-66,-24,22
-35,-38,61
-37,-36,64
-21,-27,51
-15,-33,61
-25,-38,65
-23,-40,62
-18,-33,47
-12,-31,45
-18,-35,52
-11,-30,49
-12,-31,53
-12,-23,51
-13,-20,52
-12,-13,58
-14,-6,58
0,1,40
-16,-35,38
-9,-49,103
7,-42,35
-7,-66,23
-3,-62,27
-2,-50,26
-7,-32,32
-6,-21,48
-5,-19,59
-20,-25,69
-32,-29,68
-59,-34,64
-71,-34,58
-72,-33,58
-58,-31,52
-52,-30,46
-38,-31,53
-27,-31,40
-1,-34,18
-128,-42,51
-65,-45,58
33,-54,21
2,-59,33
-14,-56,47
10,-52,51
-13,-55,39
0,-52,37
-3,-54,35
-4,-54,34
-5,-56,30
-4,-55,31
-5,-58,29
-7,-59,27
-2,-58,26
-2,-60,23
-4,-63,17
-3,-62,20
-1,-62,16
0,-63,16
2,-63,16
3,-61,17
6,-63,16
7,-62,15
8,-62,13
11,-63,8
8,-63,9
5,-61,16
3,-61,20
6,-62,20
7,-61,18
9,-60,17
9,-59,17
2,-62,19
9,-62,17
8,-61,17
9,-60,18
12,-59,20
11,-61,18
12,-61,17
11,-60,17
12,-60,18
13,-59,18
13,-59,18
14,-61,16
15,-60,16
15,-59,17
16,-59,18
18,-58,19
15,-58,20
17,-57,21
21,-56,21
20,-56,22
23,-55,22
23,-55,21
25,-55,20
27,-54,21
27,-53,21
28,-52,21
30,-53,23
31,-52,23
30,-51,23
32,-50,24
32,-51,24
30,-50,22
31,-51,23
32,-50,24
29,-49,23
30,-51,21
31,-51,21
29,-50,21
30,-51,22
33,-50,19
31,-51,21
31,-51,20
32,-49,20
32,-49,23
30,-50,23
32,-48,21
33,-50,23
33,-50,22
35,-47,20
36,-47,22
37,-47,22
35,-47,23
36,-48,23
35,-46,22
37,-47,25
37,-47,25
37,-46,23
38,-47,24
38,-46,23
37,-46,23
37,-46,24
36,-46,22
37,-47,24
37,-46,23
35,-47,24
35,-46,24
36,-46,24
36,-47,25
36,-46,24
37,-47,25
38,-46,25
36,-45,24
38,-47,25
37,-46,24
36,-47,25
36,-46,24
35,-46,26
35,-48,25
33,-48,23
32,-49,24
32,-51,24
29,-51,24
27,-54,22
26,-54,21
23,-56,22
23,-54,23
23,-55,24
22,-55,25
17,-57,26
13,-57,24
14,-59,24
8,-59,20
10,-60,24
13,-60,21
4,-56,25
-3,-57,30
1,-58,27
-2,-59,28
-2,-58,25
-4,-58,25
-3,-58,26
-3,-58,27
-2,-58,26
0,-59,26
-3,-58,26
-6,-58,27
-12,-59,26
-8,-67,38
-38,-61,25
-3,-54,45
11,-34,16
18,-33,21
-8,-44,31
-21,-78,41
4,-67,49
-5,-54,38
3,-53,38
0,-51,38
1,-54,34
-1,-55,33
2,-53,36
1,-52,38
6,-51,37
5,-53,35
6,-53,35
6,-53,35
6,-52,40
2,-51,41
4,-50,39
5,-50,40
9,-50,38
10,-51,39
9,-50,40
7,-50,39
8,-50,39
8,-50,40
7,-49,38
9,-50,39
8,-49,39
6,-50,39
9,-49,40
9,-49,40
9,-50,38
10,-50,35
8,-51,36
10,-50,37
10,-50,37
10,-50,39
11,-50,38
8,-49,38
8,-50,38
9,-50,39
9,-50,38
8,-49,38
9,-49,39
10,-49,39
10,-49,39
12,-49,39
10,-49,41
11,-50,38
13,-48,40
12,-49,39
14,-49,38
13,-49,41
12,-49,40
12,-48,39
11,-49,38
11,-48,40
12,-48,40
12,-48,40
11,-49,40
11,-49,38
11,-49,40
12,-48,40
10,-49,39
11,-49,38
11,-49,39
11,-49,39
13,-49,39
11,-49,38
11,-49,39
12,-49,40
11,-49,39
12,-50,38
13,-50,37
12,-50,38
11,-50,39
12,-48,40
12,-49,39
12,-49,38
11,-50,39
10,-50,40
9,-49,39
8,-49,38
10,-49,39
11,-48,38
10,-49,38
11,-49,39
10,-50,38
10,-50,38
10,-50,38
11,-50,39
9,-49,39
9,-51,38
9,-52,37
11,-52,34
12,-51,34
12,-49,38
11,-50,39
10,-50,38
9,-51,36
11,-50,37
12,-50,37
11,-50,38
12,-50,37
12,-49,38
11,-49,38
12,-50,38
11,-50,38
10,-51,38
12,-50,38
11,-49,39
12,-50,38
12,-50,37
12,-50,37
12,-50,38
13,-49,38
13,-50,37
12,-50,37
12,-50,37
12,-50,37
14,-50,37
14,-50,38
13,-50,38
14,-50,37
13,-50,36
12,-50,36
12,-49,38
13,-48,39
13,-49,38
12,-50,40
13,-52,37
13,-53,32
16,-52,34
16,-52,35
16,-50,38
16,-50,37
16,-49,37
15,-50,36
15,-50,36
14,-49,37
13,-49,38
13,-48,38
13,-48,39
13,-48,39
13,-49,39
14,-48,40
14,-47,40
12,-46,41
12,-46,42
14,-47,41
14,-47,42
15,-47,41
13,-46,41
15,-46,41
14,-46,41
13,-46,41
14,-46,41
15,-47,41
14,-47,41
13,-47,40
14,-47,40
14,-46,41
14,-46,41
12,-46,42
13,-46,43
15,-46,42
14,-47,42
12,-46,42
13,-46,42
11,-46,42
11,-46,41
12,-46,41
12,-46,42
11,-47,42
11,-46,43
10,-46,44
10,-46,43
9,-47,42
9,-47,43
9,-46,43
7,-46,42
6,-46,43
7,-46,43
7,-47,42
7,-47,43
6,-47,43
7,-45,44
4,-48,46
1,-46,46
0,-49,42
2,-49,41
2,-47,43
0,-49,45
-1,-50,41
-7,-52,35
-6,-50,38
-18,-45,37
-14,-46,40
-14,-48,39
-12,-48,40
-15,-48,42
-15,-46,42
-15,-45,41
-18,-44,38
-16,-41,34
-39,-34,35
-30,-37,47
-40,-32,37
-36,-34,40
-27,-32,41
-36,-30,33
-34,-24,40
-41,-16,45
-46,-13,44
-48,-12,48
-48,-10,48
-47,-10,44
-48,-9,39
-48,-9,41
-45,-8,43
-47,-9,41
-44,-4,54
-49,0,43
-50,2,46
-50,5,52
-51,8,47
-53,22,17
-74,24,11
-70,18,21
-82,23,9
-80,24,7
-60,13,19
-33,9,36
-16,5,44
-18,-3,37
-36,-8,30
-58,-18,27
-35,-16,40
-33,-15,43
-39,-8,42
-39,-9,41
-65,-21,52
-56,-7,69
-63,-12,56
-48,-8,27
-56,-7,28
-48,-8,38
-40,-5,49
-42,-6,51
-41,0,50
-44,6,48
-43,6,45
-45,-3,44
-46,-5,45
-44,-6,45
-42,-6,45
-46,-2,42
-49,1,39
-49,2,38
-47,0,40
-46,-1,42
-48,-1,43
-47,-1,44
-47,-2,43
-46,-1,44
-46,-1,44
-48,-1,42
-48,0,42
-47,0,42
-46,1,42
-46,0,42
-48,1,42
-48,0,42
-48,0,42
-47,0,42
-48,1,42
-48,0,42
-48,0,43
-49,0,42
-48,1,42
-47,1,43
-48,1,43
-46,1,43
-45,2,43
-45,2,42
-46,3,42
-46,2,42
-48,1,43
-47,2,43
-46,1,43
-46,1,44
-48,1,43
-48,2,42
-48,1,43
-46,1,44
-46,2,43
-44,1,44
-45,2,43
-44,1,43
-47,1,44
-46,1,44
-45,0,45
-45,1,45
-46,1,44
-48,-2,44
-49,0,45
-46,1,43
-44,2,43
-44,3,44
-45,1,45
-44,1,45
-45,2,45
-46,2,44
-46,3,43
-46,3,42
-47,2,42
-48,1,42
-49,1,43
-49,1,42
-46,2,41
-47,2,42
-48,2,42
-48,1,42
-48,1,43
-47,2,44
-47,1,45
-46,2,44
-45,3,43
-45,3,44
-45,3,44
-44,2,44
-44,3,44
-45,3,45
-46,2,45
-46,2,45
-45,3,44
-46,3,44
-46,3,43
-46,3,44
-45,3,45
-46,3,45
-46,3,44
-45,3,44
-45,3,44
-46,3,44
-45,3,44
-46,3,44
-45,3,45
-46,3,44
-44,3,44
-46,3,44
-45,3,43
-47,3,44
-46,3,43
-47,3,44
-46,2,44
-47,3,44
-45,3,43
-46,3,44
-47,3,43
-47,3,43
-46,4,43
-46,3,43
-47,4,43
-47,3,43
-47,4,43
-46,4,42
-48,4,43
-47,3,42
-46,4,43
-47,4,43
-47,3,43
-46,3,43
-48,3,43
-47,3,42
-47,4,42
-47,3,43
-47,3,43
-46,3,43
-47,4,43
-47,3,43
-47,4,43
-41,5,42
-42,6,42
-45,3,44
-47,1,45
-47,-1,46
-46,-1,47
-46,-1,46
-47,2,44
-46,2,43
-46,2,42
-47,1,44
-47,1,44
-44,1,44
-46,1,45
-47,0,44
-47,0,44
-47,0,44
-48,1,43
-47,1,42
-45,2,43
-46,2,44
-46,1,45
-46,1,46
-45,2,46
-44,2,46
-44,2,45
-45,2,45
-44,2,45
-42,3,45
-42,3,47
-42,3,48
-43,3,47
-44,3,46
-44,4,46
-44,3,45
-44,4,44
-44,4,44
-44,4,45
-43,4,46
-43,4,46
-45,3,46
-44,2,47
-44,4,46
-44,4,45
-45,4,45
-44,3,46
-42,3,47
-42,4,47
-42,4,47
-43,4,47
-42,3,47
-43,3,46
-44,3,47
-43,4,46
-43,4,46
-43,4,46
-43,4,46
-44,3,47
-44,4,47
-43,3,47
-44,3,46
-44,3,46
-43,4,46
-42,4,46
-43,4,46
-44,4,46
-43,4,47
-43,4,46
-44,4,46
-44,4,46
-43,4,46
-43,4,46
-44,4,45
-44,4,46
-43,4,46
-43,4,46
-44,4,45
-44,5,45
-44,4,45
-44,4,45
-44,4,45
-44,5,45
-44,4,45
-45,4,46
-44,3,45
-45,4,45
-44,4,45
-44,4,45
-44,4,45
-45,3,45
-44,4,45
-44,4,46
-44,4,45
-45,4,46
-44,4,46
-44,4,46
-44,4,45
-45,4,46
-43,3,46
-44,4,45
-44,3,46
-44,4,46
-44,4,46
-43,4,46
-45,5,45
-45,4,45
-44,4,45
-44,4,45
-45,4,45
-46,3,45
-46,3,45
-45,3,45
-46,4,45
-46,4,44
-47,4,44
-45,4,45
-44,5,45
-44,5,45
-44,4,45
-44,4,46
-44,5,44
-45,5,43
-48,5,42
-47,5,43
-46,4,44
-45,4,45
-45,4,45
-46,3,45
-46,4,44
-47,4,43
-46,4,44
-46,5,43
-46,5,43
-45,4,44
-46,4,44
-46,4,44
-46,4,44
-46,5,44
-46,5,43
-46,4,44
-45,4,44
-45,4,44
-45,4,44
-45,5,44
-45,5,44
-46,5,44
-46,5,44
-46,5,44
-45,4,44
-46,4,44
-46,4,44
-46,5,44
-46,5,44
-45,5,43
-45,5,43
-47,5,44
-47,5,43
-41,2,47
-43,3,48
-42,9,42
-52,4,37
-54,2,38
-55,2,37
-54,4,37
-52,4,39
-47,4,42
-48,4,42
-49,3,41
-51,4,39
-48,4,39
-48,5,41
-47,4,41
-49,4,42
-48,4,42
-48,4,43
-47,4,42
-50,4,42
-48,4,42
-47,6,43
-45,6,42
-42,7,43
-43,7,43
-46,7,43
-47,6,43
-47,6,43
-46,6,44
-46,6,43
-46,7,42
-46,7,43
-44,6,43
-48,6,44
-47,5,43
-47,6,43
-46,6,42
-46,7,43
-46,6,43
-46,7,42
-47,6,43
-46,6,42
-46,6,43
-47,5,43
-47,6,43
-47,5,43
-49,4,43
-48,3,44
-47,5,45
-45,6,44
-45,7,42
-46,6,42
-47,5,43
-46,5,43
-46,6,43
-46,5,43
-48,5,43
-46,5,43
-47,6,42
-47,5,42
-48,5,43
-47,5,43
-47,6,43
-46,5,43
-46,5,43
-47,6,43
-47,6,42
-47,6,42
-48,5,43
-48,6,44
-45,7,42
-48,8,40
-48,7,40
-47,7,42
-47,7,42
-47,7,43
-47,7,42
-45,7,43
-45,8,43
-46,8,43
-49,7,40
-49,7,41
-48,7,41
-48,7,41
-48,8,41
-47,8,41
-46,8,42
-47,8,42
-48,7,41
-48,7,42
-48,7,41
-47,8,41
-47,8,41
-49,8,40
-47,8,40
-48,8,41
-49,8,40
-48,8,40
-48,7,41
-49,8,40
-48,8,40
-50,8,39
-49,8,39
-49,9,39
-48,8,39
-51,8,39
-50,8,39
-50,8,40
-49,7,40
-49,8,40
-49,8,38
-48,9,39
-48,9,39
-49,9,39
-49,8,39
-49,8,40
-50,7,39
-51,8,40
-50,7,40
-49,7,40
-48,7,40
-50,8,39
-49,7,40
-48,7,40
-47,7,41
-47,7,42
-48,7,42
-48,6,41
-48,8,41
-47,7,40
-48,7,41
-47,6,41
-49,6,41
-49,5,41
-50,6,41
-49,6,40
-49,6,40
-49,7,39
-50,5,39
-50,5,39
-50,5,39
-49,6,38
-50,5,38
-51,4,38
-51,3,38
-54,4,38
-47,6,35
-50,5,34
-54,3,36
-53,3,37
-51,2,38
-53,3,36
-54,2,35
-52,3,35
-53,2,35
-53,2,35
-53,2,35
-52,2,36
-52,2,36
-53,1,36
-52,2,38
-50,2,37
-52,2,37
-51,2,37
-53,3,36
-51,3,36
-51,3,37
-51,3,37
-50,3,37
-52,1,37
-52,3,37
-53,3,34
-53,2,35
-53,3,34
-53,3,34
-53,3,34
-53,3,34
-52,3,34
-54,3,34
-53,2,34
-54,3,33
-54,3,33
-55,3,32
-54,3,33
-54,3,33
-53,3,33
-55,3,33
-53,3,33
-54,3,34
-52,3,34
-54,4,33
-55,1,33
-55,-1,35
-53,5,35
-52,5,33
-55,1,34
-52,5,35
-50,5,35
-53,4,36
-52,5,36
-51,4,37
-52,3,37
-52,4,38
-52,4,37
-48,5,37
-41,9,39
-58,3,39
-45,-2,56
-63,2,33
-55,1,33
-54,9,34
-50,0,38
-51,-1,40
-51,0,38
-52,2,36
-53,6,35
-52,1,36
-53,1,36
-51,1,36
-52,3,35
-55,3,33
-52,3,36
-54,3,35
-63,4,21
-58,5,26
-52,3,37
-52,1,34
-56,2,30
-44,-3,30
-62,4,27
-54,-3,31
-58,5,27
-57,7,25
-55,4,31
-48,2,34
-46,3,38
-38,3,39
-60,17,34
-38,5,37
-40,6,33
-76,13,41
-58,27,51
-70,16,45
-70,18,43
-68,19,47
-59,12,58
-34,10,54
-32,9,51
-16,0,67
-24,-9,61
-10,-8,48
-5,-14,42
-4,-19,47
-6,-25,42
-7,-26,27
4,-39,40
-12,-39,41
-22,-71,85
20,-54,30
-47,-29,31
2,-10,73
-11,-14,64
-3,-19,59
-3,-23,55
0,-20,57
-4,-13,59
-6,-8,61
-6,-7,62
-11,-6,62
-13,-2,60
-12,1,65
-14,5,65
-12,5,64
-11,7,68
-3,0,56
-10,5,59
-11,7,62
-9,9,63
-8,11,62
-7,12,62
-7,15,61
-11,19,64
-11,20,63
-8,21,63
-8,21,62
-8,22,61
-8,23,62
-5,23,61
-6,21,62
-7,23,63
-10,18,60
-6,23,60
-11,28,65
-8,24,68
-8,21,65
-10,16,63
-12,10,61
-12,8,62
-9,4,61
-6,5,60
-11,2,62
-14,-2,59
-14,-2,63
-10,-5,61
-11,-8,59
-10,-10,62
-12,-13,59
-11,-15,58
-11,-16,60
-9,-18,62
-7,-22,58
-8,-23,57
-7,-24,57
-5,-26,58
-3,-28,57
-6,-29,60
-5,-30,55
-5,-31,55
-1,-32,56
-1,-33,54
-3,-33,54
-3,-34,54
-4,-33,53
-3,-34,53
-2,-35,52
-4,-34,53
-7,-34,54
-7,-34,53
-7,-34,53
-8,-35,52
-7,-34,53
-8,-35,55
-9,-34,53
-10,-31,60
-9,-35,53
-10,-32,53
-12,-33,53
-13,-33,55
-15,-29,54
-17,-30,57
-20,-28,57
-26,-23,56
-23,-23,55
-25,-22,56
-24,-24,55
-24,-23,53
-25,-25,52
-25,-26,52
-24,-26,53
-24,-25,53
-24,-25,54
-22,-26,55
-21,-27,55
-21,-27,53
-22,-28,54
-21,-27,53
-20,-26,53
-21,-26,54
-20,-27,56
-19,-26,54
-19,-26,55
-20,-25,55
-20,-25,56
-20,-23,56
-21,-22,56
-19,-23,57
-17,-24,56
-19,-24,56
-18,-23,56
-19,-22,57
-19,-22,57
-16,-23,57
-15,-22,56
-17,-22,57
-17,-23,57
-17,-23,58
-15,-22,58
-13,-22,57
-14,-22,57
-16,-22,58
-14,-23,58
-12,-23,57
-12,-23,58
-10,-23,58
-12,-22,59
-15,-23,60
-12,-22,59
-12,-22,58
-12,-23,58
-12,-23,58
-14,-22,59
-10,-25,58
-7,-25,56
-16,-23,60
-16,-28,61
-12,-23,56
16,-48,11
-54,-26,38
-13,-45,61
-32,-37,58
-37,-31,54
-31,-26,48
-28,-20,41
-21,-16,55
-25,-15,67
-45,-14,70
-55,-14,54
-62,-19,45
-78,-9,18
-74,3,-12
-71,10,-18
-59,21,-13
-58,24,-12
-47,34,-15
-50,31,-8
-66,11,9
-89,-1,11
-77,5,-1
-33,0,2
-45,-6,16
-43,-19,48
-52,-18,25
-55,-17,13
-59,-15,3
-57,-14,-1
-64,-8,-18
-74,-3,-36
-75,-2,-36
-66,0,-23
-60,2,-16
-52,7,-18
-65,9,-15
-62,9,-10
-59,10,-2
-61,9,1
-63,3,5
-57,-2,9
-65,-8,16
-56,-11,23
-50,-15,26
-47,-21,37
-40,-25,46
-35,-26,48
